"Cause","Year","Sex","Quintile","Rate","Lower CI","Upper CI","Deaths","Unreliable rate"
"Alcohol-related & drug-related","2001","Male","1","56","46.3","65.7","130",NA
"Alcohol-related & drug-related","2001","Male","2","32.799999999999997","25.9","41","78",NA
"Alcohol-related & drug-related","2001","Male","3","26.3","20.3","33.5","66",NA
"Alcohol-related & drug-related","2001","Male","4","22.3","16.899999999999999","28.9","57",NA
"Alcohol-related & drug-related","2001","Male","5","10.8","7.1","15.8","27",NA
"Alcohol-related & drug-related","2002","Male","1","56.1","46.5","65.8","132",NA
"Alcohol-related & drug-related","2002","Male","2","33.200000000000003","26.3","41.3","81",NA
"Alcohol-related & drug-related","2002","Male","3","20.399999999999999","15.2","26.8","51",NA
"Alcohol-related & drug-related","2002","Male","4","17.7","13","23.7","46",NA
"Alcohol-related & drug-related","2002","Male","5","12.6","8.6","17.899999999999999","32",NA
"Alcohol-related & drug-related","2003","Male","1","62","51.8","72.099999999999994","146",NA
"Alcohol-related & drug-related","2003","Male","2","31.2","24.5","39.1","76",NA
"Alcohol-related & drug-related","2003","Male","3","21.7","16.399999999999999","28.2","56",NA
"Alcohol-related & drug-related","2003","Male","4","18.3","13.5","24.3","48",NA
"Alcohol-related & drug-related","2003","Male","5","17","12.2","23","42",NA
"Alcohol-related & drug-related","2004","Male","1","48.3","39.200000000000003","57.4","110",NA
"Alcohol-related & drug-related","2004","Male","2","40","32.4","48.8","97",NA
"Alcohol-related & drug-related","2004","Male","3","23.8","18.2","30.5","62",NA
"Alcohol-related & drug-related","2004","Male","4","19.600000000000001","14.6","25.7","52",NA
"Alcohol-related & drug-related","2004","Male","5","13.5","9.4","18.8","35",NA
"Alcohol-related & drug-related","2005","Male","1","52.1","42.8","61.3","122",NA
"Alcohol-related & drug-related","2005","Male","2","28","21.7","35.6","68",NA
"Alcohol-related & drug-related","2005","Male","3","25.6","19.899999999999999","32.5","68",NA
"Alcohol-related & drug-related","2005","Male","4","16","11.6","21.5","44",NA
"Alcohol-related & drug-related","2005","Male","5","13.4","9.3000000000000007","18.8","34",NA
"Alcohol-related & drug-related","2006","Male","1","52.3","43","61.7","122",NA
"Alcohol-related & drug-related","2006","Male","2","39.5","32","48.3","97",NA
"Alcohol-related & drug-related","2006","Male","3","24.1","18.600000000000001","30.7","65",NA
"Alcohol-related & drug-related","2006","Male","4","14.4","10.3","19.600000000000001","40",NA
"Alcohol-related & drug-related","2006","Male","5","13.4","9.3000000000000007","18.7","35",NA
"Alcohol-related & drug-related","2007","Male","1","62.3","52.2","72.400000000000006","147",NA
"Alcohol-related & drug-related","2007","Male","2","35.6","28.6","43.9","89",NA
"Alcohol-related & drug-related","2007","Male","3","31.6","25.2","39","86",NA
"Alcohol-related & drug-related","2007","Male","4","23.8","18.3","30.3","65",NA
"Alcohol-related & drug-related","2007","Male","5","17.100000000000001","12.5","22.8","46",NA
"Alcohol-related & drug-related","2008","Male","1","64.7","54.4","75","153",NA
"Alcohol-related & drug-related","2008","Male","2","38.1","30.9","46.6","97",NA
"Alcohol-related & drug-related","2008","Male","3","26.7","20.9","33.5","73",NA
"Alcohol-related & drug-related","2008","Male","4","18","13.4","23.6","52",NA
"Alcohol-related & drug-related","2008","Male","5","17.7","13","23.6","47",NA
"Alcohol-related & drug-related","2009","Male","1","74.8","63.8","85.8","181",NA
"Alcohol-related & drug-related","2009","Male","2","43","35","51.1","111",NA
"Alcohol-related & drug-related","2009","Male","3","22.7","17.5","29.1","64",NA
"Alcohol-related & drug-related","2009","Male","4","18.5","13.8","24.3","52",NA
"Alcohol-related & drug-related","2009","Male","5","15.1","10.7","20.5","40",NA
"Alcohol-related & drug-related","2010","Male","1","69.599999999999994","59.1","80.2","169",NA
"Alcohol-related & drug-related","2010","Male","2","42.3","34.299999999999997","50.2","109",NA
"Alcohol-related & drug-related","2010","Male","3","29.2","23.1","36.299999999999997","80",NA
"Alcohol-related & drug-related","2010","Male","4","15.3","11.1","20.7","43",NA
"Alcohol-related & drug-related","2010","Male","5","15.1","10.8","20.7","40",NA
"Alcohol-related & drug-related","2011","Male","1","56.8","47.3","66.3","139",NA
"Alcohol-related & drug-related","2011","Male","2","39","31.4","46.7","102",NA
"Alcohol-related & drug-related","2011","Male","3","25.1","19.5","31.7","70",NA
"Alcohol-related & drug-related","2011","Male","4","20","15","26.1","55",NA
"Alcohol-related & drug-related","2011","Male","5","14.1","10","19.3","39",NA
"Alcohol-related & drug-related","2012","Male","1","63.6","53.6","73.7","157",NA
"Alcohol-related & drug-related","2012","Male","2","37.1","30","45.4","96",NA
"Alcohol-related & drug-related","2012","Male","3","26.7","21","33.6","75",NA
"Alcohol-related & drug-related","2012","Male","4","17","12.4","22.6","47",NA
"Alcohol-related & drug-related","2012","Male","5","17.600000000000001","13","23.4","49",NA
"Alcohol-related & drug-related","2013","Male","1","60.1","50.4","69.8","149",NA
"Alcohol-related & drug-related","2013","Male","2","34.1","27.5","41.8","92",NA
"Alcohol-related & drug-related","2013","Male","3","31.4","25.2","38.799999999999997","88",NA
"Alcohol-related & drug-related","2013","Male","4","20.5","15.5","26.6","58",NA
"Alcohol-related & drug-related","2013","Male","5","17.600000000000001","13","23.4","49",NA
"Alcohol-related & drug-related","2014","Male","1","56.8","47.3","66.3","139",NA
"Alcohol-related & drug-related","2014","Male","2","33.5","26.9","41.3","89",NA
"Alcohol-related & drug-related","2014","Male","3","19","14.2","24.8","54",NA
"Alcohol-related & drug-related","2014","Male","4","17.899999999999999","13.3","23.5","52",NA
"Alcohol-related & drug-related","2014","Male","5","17.7","13","23.4","49",NA
"Alcohol-related & drug-related","2015","Male","1","57.8","48.3","67.3","143",NA
"Alcohol-related & drug-related","2015","Male","2","41.3","33.5","49.1","109",NA
"Alcohol-related & drug-related","2015","Male","3","29.2","23.1","36.4","79",NA
"Alcohol-related & drug-related","2015","Male","4","20.399999999999999","15.5","26.4","59",NA
"Alcohol-related & drug-related","2015","Male","5","17.600000000000001","12.9","23.4","48",NA
"Alcohol-related & drug-related","2016","Male","1","72.5","61.8","83.3","177",NA
"Alcohol-related & drug-related","2016","Male","2","45.7","37.5","54","118",NA
"Alcohol-related & drug-related","2016","Male","3","32.1","25.7","39.6","88",NA
"Alcohol-related & drug-related","2016","Male","4","22.1","17","28.4","64",NA
"Alcohol-related & drug-related","2016","Male","5","15.6","11.3","20.9","44",NA
"Alcohol-related & drug-related","2017","Male","1","66.8","56.6","77","166",NA
"Alcohol-related & drug-related","2017","Male","2","42.6","34.700000000000003","50.5","112",NA
"Alcohol-related & drug-related","2017","Male","3","29.3","23.2","36.4","81",NA
"Alcohol-related & drug-related","2017","Male","4","23.6","18.2","30","67",NA
"Alcohol-related & drug-related","2017","Male","5","16.2","11.8","21.7","45",NA
"Alcohol-related & drug-related","2018","Male","1","78.400000000000006","67.3","89.5","195",NA
"Alcohol-related & drug-related","2018","Male","2","44.4","36.299999999999997","52.4","118",NA
"Alcohol-related & drug-related","2018","Male","3","31.2","25.1","38.5","90",NA
"Alcohol-related & drug-related","2018","Male","4","24.2","18.7","30.8","68",NA
"Alcohol-related & drug-related","2018","Male","5","16.899999999999999","12.4","22.4","49",NA
"Alcohol-related & drug-related","2019","Male","1","62.7","52.9","72.599999999999994","156",NA
"Alcohol-related & drug-related","2019","Male","2","40.9","33.1","48.7","108",NA
"Alcohol-related & drug-related","2019","Male","3","23.4","18.100000000000001","29.7","68",NA
"Alcohol-related & drug-related","2019","Male","4","21.8","16.7","28","63",NA
"Alcohol-related & drug-related","2019","Male","5","13.2","9.3000000000000007","18.100000000000001","39",NA
"Alcohol-related & drug-related","2020","Male","1","58.4","48.9","68","146",NA
"Alcohol-related & drug-related","2020","Male","2","47.3","39","55.6","126",NA
"Alcohol-related & drug-related","2020","Male","3","30","23.8","37.200000000000003","83",NA
"Alcohol-related & drug-related","2020","Male","4","26.6","20.9","33.299999999999997","77",NA
"Alcohol-related & drug-related","2020","Male","5","15.2","11.1","20.3","46",NA
"Diseases of the circulatory system","2001","Male","1","307","282.89999999999998","331.2","626",NA
"Diseases of the circulatory system","2001","Male","2","268.60000000000002","246.3","290.8","564",NA
"Diseases of the circulatory system","2001","Male","3","214.7","195.7","233.6","497",NA
"Diseases of the circulatory system","2001","Male","4","185.5","168.3","202.8","446",NA
"Diseases of the circulatory system","2001","Male","5","158.9","142.6","175.2","367",NA
"Diseases of the circulatory system","2002","Male","1","332","307","357.1","678",NA
"Diseases of the circulatory system","2002","Male","2","248.9","227.7","270.10000000000002","533",NA
"Diseases of the circulatory system","2002","Male","3","208.6","190","227.1","488",NA
"Diseases of the circulatory system","2002","Male","4","170.5","154","186.9","416",NA
"Diseases of the circulatory system","2002","Male","5","140.6","125.4","155.80000000000001","331",NA
"Diseases of the circulatory system","2003","Male","1","300.10000000000002","276.2","324","611",NA
"Diseases of the circulatory system","2003","Male","2","217.3","197.7","237","472",NA
"Diseases of the circulatory system","2003","Male","3","187","169.7","204.3","451",NA
"Diseases of the circulatory system","2003","Male","4","165.1","149.1","181.2","409",NA
"Diseases of the circulatory system","2003","Male","5","155.69999999999999","139.9","171.6","374",NA
"Diseases of the circulatory system","2004","Male","1","248.5","226.8","270.10000000000002","512",NA
"Diseases of the circulatory system","2004","Male","2","194.2","175.7","212.8","426",NA
"Diseases of the circulatory system","2004","Male","3","162","146","178","396",NA
"Diseases of the circulatory system","2004","Male","4","145.80000000000001","130.9","160.80000000000001","369",NA
"Diseases of the circulatory system","2004","Male","5","126.7","112.5","140.9","309",NA
"Diseases of the circulatory system","2005","Male","1","259","236.9","281","535",NA
"Diseases of the circulatory system","2005","Male","2","204.7","185.4","224.1","436",NA
"Diseases of the circulatory system","2005","Male","3","174","157.9","190.1","450",NA
"Diseases of the circulatory system","2005","Male","4","129.19999999999999","115.3","143.19999999999999","335",NA
"Diseases of the circulatory system","2005","Male","5","120.6","106.7","134.5","292",NA
"Diseases of the circulatory system","2006","Male","1","242.8","221.6","264","508",NA
"Diseases of the circulatory system","2006","Male","2","204.1","184.9","223.2","443",NA
"Diseases of the circulatory system","2006","Male","3","151.19999999999999","136.19999999999999","166.2","394",NA
"Diseases of the circulatory system","2006","Male","4","122.7","109.3","136.1","325",NA
"Diseases of the circulatory system","2006","Male","5","93.6","81.5","105.6","233",NA
"Diseases of the circulatory system","2007","Male","1","231.4","210.8","251.9","491",NA
"Diseases of the circulatory system","2007","Male","2","186.3","168.3","204.4","414",NA
"Diseases of the circulatory system","2007","Male","3","138.5","124.3","152.6","371",NA
"Diseases of the circulatory system","2007","Male","4","105","92.8","117.3","287",NA
"Diseases of the circulatory system","2007","Male","5","90.8","79","102.6","230",NA
"Diseases of the circulatory system","2008","Male","1","189.5","170.9","208.1","403",NA
"Diseases of the circulatory system","2008","Male","2","171.7","154.5","188.8","390",NA
"Diseases of the circulatory system","2008","Male","3","133.4","119.5","147.19999999999999","359",NA
"Diseases of the circulatory system","2008","Male","4","105.7","93.5","117.8","295",NA
"Diseases of the circulatory system","2008","Male","5","92.8","81.099999999999994","104.6","242",NA
"Diseases of the circulatory system","2009","Male","1","208","188.5","227.4","444",NA
"Diseases of the circulatory system","2009","Male","2","155.5","139.4","171.6","363",NA
"Diseases of the circulatory system","2009","Male","3","133.30000000000001","119.6","147","366",NA
"Diseases of the circulatory system","2009","Male","4","93.5","82.2","104.7","268",NA
"Diseases of the circulatory system","2009","Male","5","88.7","77.3","100.2","233",NA
"Diseases of the circulatory system","2010","Male","1","190.2","171.8","208.7","413",NA
"Diseases of the circulatory system","2010","Male","2","144.6","129.30000000000001","160","343",NA
"Diseases of the circulatory system","2010","Male","3","117.2","104.5","130","328",NA
"Diseases of the circulatory system","2010","Male","4","98.5","87","110","283",NA
"Diseases of the circulatory system","2010","Male","5","75.400000000000006","65","85.9","202",NA
"Diseases of the circulatory system","2011","Male","1","180.4","162.30000000000001","198.5","387",NA
"Diseases of the circulatory system","2011","Male","2","141.30000000000001","126.5","156","354",NA
"Diseases of the circulatory system","2011","Male","3","110.9","98.4","123.4","307",NA
"Diseases of the circulatory system","2011","Male","4","85.3","74.5","96","244",NA
"Diseases of the circulatory system","2011","Male","5","72.099999999999994","62","82.1","199",NA
"Diseases of the circulatory system","2012","Male","1","157.4","140.69999999999999","174.2","343",NA
"Diseases of the circulatory system","2012","Male","2","137.9","123.3","152.5","347",NA
"Diseases of the circulatory system","2012","Male","3","106.3","94.2","118.4","300",NA
"Diseases of the circulatory system","2012","Male","4","88.5","77.599999999999994","99.4","255",NA
"Diseases of the circulatory system","2012","Male","5","72.2","62.3","82.2","205",NA
"Diseases of the circulatory system","2013","Male","1","177.1","159.30000000000001","194.9","384",NA
"Diseases of the circulatory system","2013","Male","2","126.8","113","140.5","329",NA
"Diseases of the circulatory system","2013","Male","3","100.4","88.8","112","290",NA
"Diseases of the circulatory system","2013","Male","4","89.9","79","100.7","267",NA
"Diseases of the circulatory system","2013","Male","5","81.599999999999994","71.099999999999994","92.1","233",NA
"Diseases of the circulatory system","2014","Male","1","157.30000000000001","140.69999999999999","173.9","351",NA
"Diseases of the circulatory system","2014","Male","2","123.3","109.8","136.69999999999999","324",NA
"Diseases of the circulatory system","2014","Male","3","104.9","93.1","116.6","308",NA
"Diseases of the circulatory system","2014","Male","4","80.400000000000006","70.3","90.5","244",NA
"Diseases of the circulatory system","2014","Male","5","68.7","59.3","78.099999999999994","207",NA
"Diseases of the circulatory system","2015","Male","1","172.3","155","189.7","385",NA
"Diseases of the circulatory system","2015","Male","2","118.8","105.6","132","314",NA
"Diseases of the circulatory system","2015","Male","3","118.9","106.3","131.4","347",NA
"Diseases of the circulatory system","2015","Male","4","82.4","72.3","92.6","256",NA
"Diseases of the circulatory system","2015","Male","5","68.2","58.8","77.5","206",NA
"Diseases of the circulatory system","2016","Male","1","166.5","149.69999999999999","183.4","381",NA
"Diseases of the circulatory system","2016","Male","2","131.30000000000001","117.5","145.1","348",NA
"Diseases of the circulatory system","2016","Male","3","92.4","81.400000000000006","103.3","275",NA
"Diseases of the circulatory system","2016","Male","4","88.6","78.3","99","284",NA
"Diseases of the circulatory system","2016","Male","5","61.2","52.4","70","187",NA
"Diseases of the circulatory system","2017","Male","1","179.9","162.5","197.3","413",NA
"Diseases of the circulatory system","2017","Male","2","114","101.3","126.8","307",NA
"Diseases of the circulatory system","2017","Male","3","96.8","85.7","108","293",NA
"Diseases of the circulatory system","2017","Male","4","89.3","79","99.6","291",NA
"Diseases of the circulatory system","2017","Male","5","64.599999999999994","55.7","73.599999999999994","202",NA
"Diseases of the circulatory system","2018","Male","1","164.7","148.30000000000001","181.2","388",NA
"Diseases of the circulatory system","2018","Male","2","129.9","116.4","143.4","355",NA
"Diseases of the circulatory system","2018","Male","3","98.9","87.7","110.2","301",NA
"Diseases of the circulatory system","2018","Male","4","82.3","72.5","92.1","274",NA
"Diseases of the circulatory system","2018","Male","5","57.1","48.8","65.5","181",NA
"Diseases of the circulatory system","2019","Male","1","169.2","152.69999999999999","185.8","402",NA
"Diseases of the circulatory system","2019","Male","2","119.6","106.6","132.5","329",NA
"Diseases of the circulatory system","2019","Male","3","95","84.1","105.8","295",NA
"Diseases of the circulatory system","2019","Male","4","81.099999999999994","71.400000000000006","90.9","269",NA
"Diseases of the circulatory system","2019","Male","5","60.4","51.8","69","191",NA
"Diseases of the circulatory system","2020","Male","1","174.1","157.30000000000001","190.8","416",NA
"Diseases of the circulatory system","2020","Male","2","124.9","111.7","138.1","345",NA
"Diseases of the circulatory system","2020","Male","3","108.4","96.8","120","339",NA
"Diseases of the circulatory system","2020","Male","4","77.3","67.8","86.8","258",NA
"Diseases of the circulatory system","2020","Male","5","60.9","52.3","69.5","193",NA
"Injuries","2001","Male","1","44.7","36.1","53.2","108",NA
"Injuries","2001","Male","2","41.4","33.299999999999997","49.5","102",NA
"Injuries","2001","Male","3","39.1","31.7","47.7","97",NA
"Injuries","2001","Male","4","31.9","25.4","39.5","84",NA
"Injuries","2001","Male","5","23.4","17.899999999999999","30.2","61",NA
"Injuries","2002","Male","1","45.7","37.1","54.2","112",NA
"Injuries","2002","Male","2","35.5","28.5","43.7","90",NA
"Injuries","2002","Male","3","31.3","24.8","39","80",NA
"Injuries","2002","Male","4","28.3","22.3","35.4","77",NA
"Injuries","2002","Male","5","24.3","18.600000000000001","31.2","62",NA
"Injuries","2003","Male","1","49.9","40.9","58.8","121",NA
"Injuries","2003","Male","2","46.9","38.4","55.3","120",NA
"Injuries","2003","Male","3","38.200000000000003","31","46.6","98",NA
"Injuries","2003","Male","4","30.9","24.5","38.4","82",NA
"Injuries","2003","Male","5","19.8","14.7","25.9","52",NA
"Injuries","2004","Male","1","43.9","35.5","52.2","109",NA
"Injuries","2004","Male","2","36.200000000000003","29.2","44.4","94",NA
"Injuries","2004","Male","3","33.1","26.5","40.9","87",NA
"Injuries","2004","Male","4","26.9","21.1","33.799999999999997","74",NA
"Injuries","2004","Male","5","22.3","16.899999999999999","28.8","59",NA
"Injuries","2005","Male","1","45.3","36.9","53.6","115",NA
"Injuries","2005","Male","2","42.2","34.200000000000003","50.2","108",NA
"Injuries","2005","Male","3","41.8","34.200000000000003","49.5","116",NA
"Injuries","2005","Male","4","24.8","19.3","31.5","68",NA
"Injuries","2005","Male","5","20.399999999999999","15.3","26.7","54",NA
"Injuries","2006","Male","1","43.7","35.5","51.9","111",NA
"Injuries","2006","Male","2","37.9","30.4","45.4","101",NA
"Injuries","2006","Male","3","35.5","28.8","43.3","98",NA
"Injuries","2006","Male","4","26.4","20.7","33.200000000000003","73",NA
"Injuries","2006","Male","5","21.9","16.5","28.4","56",NA
"Injuries","2007","Male","1","52.8","43.6","62","130",NA
"Injuries","2007","Male","2","39.200000000000003","31.5","46.8","102",NA
"Injuries","2007","Male","3","33.799999999999997","27.3","41.4","94",NA
"Injuries","2007","Male","4","24.5","19","31.2","67",NA
"Injuries","2007","Male","5","20.3","15.2","26.6","53",NA
"Injuries","2008","Male","1","44","35.9","52.2","115",NA
"Injuries","2008","Male","2","37.299999999999997","30.2","45.5","99",NA
"Injuries","2008","Male","3","30.7","24.5","38","85",NA
"Injuries","2008","Male","4","28.5","22.4","35.6","78",NA
"Injuries","2008","Male","5","24.8","19.100000000000001","31.6","65",NA
"Injuries","2009","Male","1","47.6","39","56.2","121",NA
"Injuries","2009","Male","2","35.200000000000003","28.4","43.1","95",NA
"Injuries","2009","Male","3","31.1","24.9","38.4","88",NA
"Injuries","2009","Male","4","25.4","19.899999999999999","32","73",NA
"Injuries","2009","Male","5","22.9","17.399999999999999","29.5","60",NA
"Injuries","2010","Male","1","48","39.4","56.5","124",NA
"Injuries","2010","Male","2","29.9","23.6","37.299999999999997","80",NA
"Injuries","2010","Male","3","28.5","22.6","35.4","81",NA
"Injuries","2010","Male","4","28.7","22.8","35.6","82",NA
"Injuries","2010","Male","5","22.8","17.399999999999999","29.3","62",NA
"Injuries","2011","Male","1","42.1","34.1","50.1","109",NA
"Injuries","2011","Male","2","37.799999999999997","30.4","45.1","103",NA
"Injuries","2011","Male","3","25.3","19.8","31.9","72",NA
"Injuries","2011","Male","4","28","22.2","34.9","80",NA
"Injuries","2011","Male","5","19.8","14.9","25.9","55",NA
"Injuries","2012","Male","1","39.6","32.1","48.3","99",NA
"Injuries","2012","Male","2","35.799999999999997","29","43.7","98",NA
"Injuries","2012","Male","3","31.3","25","38.6","87",NA
"Injuries","2012","Male","4","27.7","21.8","34.700000000000003","78",NA
"Injuries","2012","Male","5","19.600000000000001","14.6","25.7","53",NA
"Injuries","2013","Male","1","40.799999999999997","32.799999999999997","48.7","103",NA
"Injuries","2013","Male","2","38.799999999999997","31.3","46.2","105",NA
"Injuries","2013","Male","3","34","27.5","41.5","96",NA
"Injuries","2013","Male","4","28.9","22.9","35.9","81",NA
"Injuries","2013","Male","5","22.3","17","28.8","60",NA
"Injuries","2014","Male","1","33.299999999999997","26.4","41.4","82",NA
"Injuries","2014","Male","2","29.7","23.5","37","80",NA
"Injuries","2014","Male","3","26.4","20.7","33.200000000000003","74",NA
"Injuries","2014","Male","4","29.4","23.4","36.6","82",NA
"Injuries","2014","Male","5","16.7","12.2","22.2","47",NA
"Injuries","2015","Male","1","41","33","49","104",NA
"Injuries","2015","Male","2","38.9","31.5","46.3","108",NA
"Injuries","2015","Male","3","34","27.4","41.6","96",NA
"Injuries","2015","Male","4","28.8","22.9","35.9","82",NA
"Injuries","2015","Male","5","19.7","14.9","25.6","56",NA
"Injuries","2016","Male","1","41.7","33.799999999999997","49.6","110",NA
"Injuries","2016","Male","2","31.9","25.6","39.4","88",NA
"Injuries","2016","Male","3","32.4","26","39.799999999999997","90",NA
"Injuries","2016","Male","4","35.6","28.6","42.6","101",NA
"Injuries","2016","Male","5","21.6","16.399999999999999","27.9","59",NA
"Injuries","2017","Male","1","46.8","38.200000000000003","55.3","118",NA
"Injuries","2017","Male","2","38.6","31.2","46","106",NA
"Injuries","2017","Male","3","29.8","23.7","36.9","85",NA
"Injuries","2017","Male","4","27.5","21.7","34.4","78",NA
"Injuries","2017","Male","5","16.5","12.1","22.1","47",NA
"Injuries","2018","Male","1","41.2","33.299999999999997","49.1","107",NA
"Injuries","2018","Male","2","34","27.3","41.8","91",NA
"Injuries","2018","Male","3","25.6","20","32.299999999999997","72",NA
"Injuries","2018","Male","4","30.6","24.4","37.799999999999997","87",NA
"Injuries","2018","Male","5","17.2","12.6","22.9","47",NA
"Injuries","2019","Male","1","34.4","27.6","42.4","91",NA
"Injuries","2019","Male","2","37.5","30.1","44.8","101",NA
"Injuries","2019","Male","3","27.7","21.9","34.6","80",NA
"Injuries","2019","Male","4","24.5","19.100000000000001","31","71",NA
"Injuries","2019","Male","5","18.8","14","24.7","53",NA
"Injuries","2020","Male","1","34.1","27.3","41.9","91",NA
"Injuries","2020","Male","2","29.6","23.5","36.799999999999997","82",NA
"Injuries","2020","Male","3","24","18.600000000000001","30.5","69",NA
"Injuries","2020","Male","4","19.100000000000001","14.3","24.8","56",NA
"Injuries","2020","Male","5","15.1","10.9","20.5","42",NA
"Neoplasms","2001","Male","1","166.7","148.9","184.5","339",NA
"Neoplasms","2001","Male","2","150.6","134","167.2","319",NA
"Neoplasms","2001","Male","3","109.3","95.8","122.7","256",NA
"Neoplasms","2001","Male","4","103.2","90.3","116","249",NA
"Neoplasms","2001","Male","5","98.6","85.9","111.4","232",NA
"Neoplasms","2002","Male","1","182.3","163.69999999999999","200.8","373",NA
"Neoplasms","2002","Male","2","142.4","126.4","158.4","306",NA
"Neoplasms","2002","Male","3","122.1","108","136.30000000000001","288",NA
"Neoplasms","2002","Male","4","93.4","81.3","105.6","229",NA
"Neoplasms","2002","Male","5","104","91","117.1","246",NA
"Neoplasms","2003","Male","1","174.9","156.69999999999999","193.1","357",NA
"Neoplasms","2003","Male","2","136.5","121","152","301",NA
"Neoplasms","2003","Male","3","111.4","98","124.7","270",NA
"Neoplasms","2003","Male","4","100.4","87.9","112.8","252",NA
"Neoplasms","2003","Male","5","77.400000000000006","66.3","88.6","188",NA
"Neoplasms","2004","Male","1","156.4","139.30000000000001","173.5","325",NA
"Neoplasms","2004","Male","2","141.69999999999999","126","157.4","316",NA
"Neoplasms","2004","Male","3","111.1","97.9","124.3","275",NA
"Neoplasms","2004","Male","4","101.5","89.1","113.9","259",NA
"Neoplasms","2004","Male","5","94.5","82.2","106.7","232",NA
"Neoplasms","2005","Male","1","162.1","144.6","179.5","335",NA
"Neoplasms","2005","Male","2","151.69999999999999","135.1","168.3","325",NA
"Neoplasms","2005","Male","3","105.8","93.3","118.3","277",NA
"Neoplasms","2005","Male","4","106.8","94.3","119.3","282",NA
"Neoplasms","2005","Male","5","81.400000000000006","70","92.7","201",NA
"Neoplasms","2006","Male","1","160.4","143.19999999999999","177.7","335",NA
"Neoplasms","2006","Male","2","143.1","127.1","159.1","311",NA
"Neoplasms","2006","Male","3","113.4","100.6","126.3","300",NA
"Neoplasms","2006","Male","4","107.4","94.9","119.9","287",NA
"Neoplasms","2006","Male","5","83.7","72.3","95.2","208",NA
"Neoplasms","2007","Male","1","177.3","159.4","195.3","377",NA
"Neoplasms","2007","Male","2","139.69999999999999","124","155.30000000000001","310",NA
"Neoplasms","2007","Male","3","112.1","99.4","124.8","303",NA
"Neoplasms","2007","Male","4","97.5","85.8","109.3","267",NA
"Neoplasms","2007","Male","5","87.4","75.8","98.9","222",NA
"Neoplasms","2008","Male","1","164.9","147.4","182.4","344",NA
"Neoplasms","2008","Male","2","153.6","137.5","169.8","351",NA
"Neoplasms","2008","Male","3","114.3","101.6","127.1","310",NA
"Neoplasms","2008","Male","4","94.1","82.6","105.5","262",NA
"Neoplasms","2008","Male","5","80.2","69.3","91","211",NA
"Neoplasms","2009","Male","1","168.2","150.6","185.8","356",NA
"Neoplasms","2009","Male","2","136.80000000000001","121.7","151.80000000000001","319",NA
"Neoplasms","2009","Male","3","106.5","94.3","118.8","295",NA
"Neoplasms","2009","Male","4","88.9","78","99.9","257",NA
"Neoplasms","2009","Male","5","88","76.8","99.3","237",NA
"Neoplasms","2010","Male","1","150.1","133.6","166.6","320",NA
"Neoplasms","2010","Male","2","127.1","112.7","141.4","303",NA
"Neoplasms","2010","Male","3","103.2","91.2","115.2","288",NA
"Neoplasms","2010","Male","4","85.1","74.5","95.7","249",NA
"Neoplasms","2010","Male","5","75.099999999999994","64.7","85.5","204",NA
"Neoplasms","2011","Male","1","148.9","132.30000000000001","165.5","313",NA
"Neoplasms","2011","Male","2","126.3","112.2","140.30000000000001","313",NA
"Neoplasms","2011","Male","3","114.5","101.9","127.1","323",NA
"Neoplasms","2011","Male","4","83.7","73.099999999999994","94.3","241",NA
"Neoplasms","2011","Male","5","70.099999999999994","60.2","79.900000000000006","197",NA
"Neoplasms","2012","Male","1","148.4","132","164.8","318",NA
"Neoplasms","2012","Male","2","120.3","106.8","133.69999999999999","309",NA
"Neoplasms","2012","Male","3","96.3","84.9","107.7","277",NA
"Neoplasms","2012","Male","4","87.5","76.7","98.4","254",NA
"Neoplasms","2012","Male","5","77.8","67.5","88.1","221",NA
"Neoplasms","2013","Male","1","144","128","160.1","312",NA
"Neoplasms","2013","Male","2","128","114.2","141.80000000000001","331",NA
"Neoplasms","2013","Male","3","95.3","84.1","106.5","279",NA
"Neoplasms","2013","Male","4","79.3","69.2","89.5","237",NA
"Neoplasms","2013","Male","5","76.599999999999994","66.5","86.6","225",NA
"Neoplasms","2014","Male","1","160.4","143.4","177.4","347",NA
"Neoplasms","2014","Male","2","131.4","117.4","145.30000000000001","345",NA
"Neoplasms","2014","Male","3","98.7","87.4","110.1","293",NA
"Neoplasms","2014","Male","4","80.400000000000006","70.400000000000006","90.5","249",NA
"Neoplasms","2014","Male","5","65.7","56.5","75","196",NA
"Neoplasms","2015","Male","1","143","127.1","158.9","316",NA
"Neoplasms","2015","Male","2","108.5","95.9","121.2","284",NA
"Neoplasms","2015","Male","3","98.3","87","109.7","293",NA
"Neoplasms","2015","Male","4","80.900000000000006","70.900000000000006","90.8","257",NA
"Neoplasms","2015","Male","5","62.7","53.7","71.7","189",NA
"Neoplasms","2016","Male","1","137.69999999999999","122.3","153.1","310",NA
"Neoplasms","2016","Male","2","117.6","104.6","130.6","316",NA
"Neoplasms","2016","Male","3","94.6","83.6","105.6","286",NA
"Neoplasms","2016","Male","4","89","78.7","99.4","286",NA
"Neoplasms","2016","Male","5","74","64.3","83.7","225",NA
"Neoplasms","2017","Male","1","157.4","141.1","173.7","360",NA
"Neoplasms","2017","Male","2","105.2","93","117.4","286",NA
"Neoplasms","2017","Male","3","95.4","84.5","106.3","295",NA
"Neoplasms","2017","Male","4","84","74.099999999999994","93.9","278",NA
"Neoplasms","2017","Male","5","61.5","52.7","70.2","193",NA
"Neoplasms","2018","Male","1","141","125.7","156.30000000000001","329",NA
"Neoplasms","2018","Male","2","102.5","90.6","114.5","282",NA
"Neoplasms","2018","Male","3","89.6","79","100.1","278",NA
"Neoplasms","2018","Male","4","77.400000000000006","67.900000000000006","86.9","257",NA
"Neoplasms","2018","Male","5","68.3","59.1","77.5","214",NA
"Neoplasms","2019","Male","1","139.19999999999999","124.1","154.30000000000001","329",NA
"Neoplasms","2019","Male","2","108.1","95.9","120.3","300",NA
"Neoplasms","2019","Male","3","91.2","80.5","101.8","286",NA
"Neoplasms","2019","Male","4","84.3","74.400000000000006","94.2","281",NA
"Neoplasms","2019","Male","5","73","63.6","82.5","231",NA
"Neoplasms","2020","Male","1","134.4","119.6","149.1","320",NA
"Neoplasms","2020","Male","2","104.2","92.2","116.2","291",NA
"Neoplasms","2020","Male","3","81.2","71.099999999999994","91.3","253",NA
"Neoplasms","2020","Male","4","73.5","64.400000000000006","82.7","249",NA
"Neoplasms","2020","Male","5","60.6","52","69.3","191",NA
"Other","2001","Male","1","26.7","20.2","34.6","58",NA
"Other","2001","Male","2","17.3","12.3","23.7","39",NA
"Other","2001","Male","3","21.2","15.6","28","49",NA
"Other","2001","Male","4","15.5","10.9","21.3","38",NA
"Other","2001","Male","5","17.100000000000001","12.2","23.2","41",NA
"Other","2002","Male","1","26.2","19.7","34.1","56",NA
"Other","2002","Male","2","22.3","16.5","29.5","50",NA
"Other","2002","Male","3","23.7","18","30.8","57",NA
"Other","2002","Male","4","15.2","10.7","21","37",NA
"Other","2002","Male","5","14.3","9.9","20","34",NA
"Other","2003","Male","1","35.799999999999997","28.1","44.9","76",NA
"Other","2003","Male","2","26.6","20.2","34.200000000000003","60",NA
"Other","2003","Male","3","13.7","9.4","19.2","33",NA
"Other","2003","Male","4","15.8","11.2","21.7","39",NA
"Other","2003","Male","5","12.2","8.1999999999999993","17.399999999999999","30",NA
"Other","2004","Male","1","35.700000000000003","28","44.7","76",NA
"Other","2004","Male","2","23.6","17.7","31","53",NA
"Other","2004","Male","3","19.100000000000001","14","25.4","47",NA
"Other","2004","Male","4","16.100000000000001","11.5","21.8","41",NA
"Other","2004","Male","5","16.2","11.6","22","41",NA
"Other","2005","Male","1","24.4","18.2","32.1","52",NA
"Other","2005","Male","2","19.100000000000001","13.8","25.8","43",NA
"Other","2005","Male","3","14.7","10.4","20.2","38",NA
"Other","2005","Male","4","13.6","9.5","19","35",NA
"Other","2005","Male","5","8.9","5.6","13.4","23",NA
"Other","2006","Male","1","22.7","16.8","30","50",NA
"Other","2006","Male","2","16.899999999999999","11.9","23.2","38",NA
"Other","2006","Male","3","14.3","10.1","19.600000000000001","38",NA
"Other","2006","Male","4","10.6","7","15.3","28",NA
"Other","2007","Male","1","26","19.7","33.799999999999997","58",NA
"Other","2007","Male","2","17","12.2","23.2","41",NA
"Other","2007","Male","3","15.3","10.9","20.8","40",NA
"Other","2007","Male","4","11.4","7.7","16.2","31",NA
"Other","2007","Male","5","9.9","6.4","14.7","25",NA
"Other","2008","Male","1","27.5","21","35.4","62",NA
"Other","2008","Male","2","18.5","13.4","24.9","44",NA
"Other","2008","Male","3","15.1","10.8","20.6","40",NA
"Other","2008","Male","4","9.9","6.5","14.4","27",NA
"Other","2008","Male","5","10.3","6.8","15","27",NA
"Other","2009","Male","1","23.2","17.2","30.5","52",NA
"Other","2009","Male","2","19.3","14.1","25.8","46",NA
"Other","2009","Male","3","12.8","9","17.8","36",NA
"Other","2009","Male","4","10.1","6.8","14.5","29",NA
"Other","2010","Male","1","19.100000000000001","13.8","25.8","43",NA
"Other","2010","Male","2","20.100000000000001","14.8","26.5","50",NA
"Other","2010","Male","3","16.7","12.2","22.2","46",NA
"Other","2010","Male","4","11.6","8","16.3","33",NA
"Other","2010","Male","5","8.6999999999999993","5.5","13","23",NA
"Other","2011","Male","1","29.9","23.1","38","68",NA
"Other","2011","Male","2","18.899999999999999","14","24.9","50",NA
"Other","2011","Male","3","13","9.1","18.100000000000001","36",NA
"Other","2011","Male","4","12.7","8.8000000000000007","17.7","35",NA
"Other","2011","Male","5","7.7","4.7","11.9","20",NA
"Other","2012","Male","1","26.8","20.399999999999999","34.4","63",NA
"Other","2012","Male","2","16.2","11.7","21.9","43",NA
"Other","2012","Male","3","15.3","11","20.6","43",NA
"Other","2012","Male","4","13.8","9.8000000000000007","18.899999999999999","39",NA
"Other","2012","Male","5","8.6","5.5","12.9","24",NA
"Other","2013","Male","1","25.8","19.600000000000001","33.299999999999997","60",NA
"Other","2013","Male","2","18.7","13.8","24.8","49",NA
"Other","2013","Male","3","13.3","9.4","18.100000000000001","39",NA
"Other","2013","Male","4","12.5","8.6999999999999993","17.3","36",NA
"Other","2013","Male","5","7.9","4.9000000000000004","12","22",NA
"Other","2014","Male","1","22.3","16.7","29.2","54",NA
"Other","2014","Male","2","18.399999999999999","13.5","24.4","48",NA
"Other","2014","Male","3","14.9","10.8","20.100000000000001","44",NA
"Other","2014","Male","4","9.9","6.6","14.1","30",NA
"Other","2014","Male","5","8.6","5.6","12.7","25",NA
"Other","2015","Male","1","25.3","19.2","32.700000000000003","59",NA
"Other","2015","Male","2","16","11.5","21.6","42",NA
"Other","2015","Male","3","15","10.8","20.3","42",NA
"Other","2015","Male","4","10","6.8","14.2","31",NA
"Other","2015","Male","5","8.5","5.4","12.7","24",NA
"Other","2016","Male","1","29.1","22.5","36.9","68",NA
"Other","2016","Male","2","13.6","9.6","18.8","37",NA
"Other","2016","Male","3","17.2","12.8","22.6","52",NA
"Other","2016","Male","4","10.8","7.5","15.1","34",NA
"Other","2016","Male","5","11.3","7.8","15.9","33",NA
"Other","2017","Male","1","23.5","17.600000000000001","30.6","55",NA
"Other","2017","Male","2","15.5","11.2","20.9","42",NA
"Other","2017","Male","3","16.2","12","21.5","49",NA
"Other","2017","Male","4","11.2","7.8","15.6","35",NA
"Other","2017","Male","5","8.3000000000000007","5.4","12.2","26",NA
"Other","2018","Male","1","30.6","23.9","38.4","74",NA
"Other","2018","Male","2","22.1","16.899999999999999","28.4","61",NA
"Other","2018","Male","3","10","6.7","14.3","30",NA
"Other","2018","Male","4","13.3","9.6","18.100000000000001","42",NA
"Other","2018","Male","5","9.6999999999999993","6.5","13.9","30",NA
"Other","2019","Male","1","28","21.7","35.4","69",NA
"Other","2019","Male","2","24.8","19.3","31.4","69",NA
"Other","2019","Male","3","14.2","10.1","19.3","41",NA
"Other","2019","Male","4","11.3","8","15.7","37",NA
"Other","2019","Male","5","8","5.0999999999999996","11.9","24",NA
"Other","2020","Male","1","26.9","20.8","34.299999999999997","67",NA
"Other","2020","Male","2","24.5","19","31.1","68",NA
"Other","2020","Male","3","19.8","15.1","25.5","61",NA
"Other","2020","Male","4","14.2","10.3","19.100000000000001","45",NA
"Other","2020","Male","5","9.1999999999999993","6","13.4","27",NA
"Provisional assignment of new diseases","2020","Male","1","91.3","79.099999999999994","103.5","216",NA
"Provisional assignment of new diseases","2020","Male","2","64","54.6","73.400000000000006","178",NA
"Provisional assignment of new diseases","2020","Male","3","32.200000000000003","25.9","38.4","103",NA
"Provisional assignment of new diseases","2020","Male","4","30.1","24.4","35.9","106",NA
"Provisional assignment of new diseases","2020","Male","5","32.700000000000003","26.4","38.9","105",NA
"Diseases of the respiratory system","2001","Male","1","66.8","55.5","78.099999999999994","135",NA
"Diseases of the respiratory system","2001","Male","2","43.4","34.9","53.3","90",NA
"Diseases of the respiratory system","2001","Male","3","47.2","38.299999999999997","56.1","108",NA
"Diseases of the respiratory system","2001","Male","4","30.8","24.1","38.799999999999997","72",NA
"Diseases of the respiratory system","2001","Male","5","18.5","13.3","25","42",NA
"Diseases of the respiratory system","2002","Male","1","57","46.5","67.5","114",NA
"Diseases of the respiratory system","2002","Male","2","56.2","46.1","66.400000000000006","118",NA
"Diseases of the respiratory system","2002","Male","3","40.700000000000003","32.9","49.8","95",NA
"Diseases of the respiratory system","2002","Male","4","29.8","23.3","37.6","72",NA
"Diseases of the respiratory system","2002","Male","5","21.2","15.7","28.1","49",NA
"Diseases of the respiratory system","2003","Male","1","88.7","75.599999999999994","101.9","176",NA
"Diseases of the respiratory system","2003","Male","2","60","49.6","70.400000000000006","129",NA
"Diseases of the respiratory system","2003","Male","3","41.1","33.4","50.1","99",NA
"Diseases of the respiratory system","2003","Male","4","26.8","20.6","34.200000000000003","65",NA
"Diseases of the respiratory system","2003","Male","5","24.6","18.7","31.8","58",NA
"Diseases of the respiratory system","2004","Male","1","65.3","54.1","76.400000000000006","133",NA
"Diseases of the respiratory system","2004","Male","2","51.6","42","61.2","112",NA
"Diseases of the respiratory system","2004","Male","3","39.9","32.4","48.8","97",NA
"Diseases of the respiratory system","2004","Male","4","30.3","23.8","38","76",NA
"Diseases of the respiratory system","2004","Male","5","20.6","15.3","27.2","50",NA
"Diseases of the respiratory system","2005","Male","1","59.6","49","70.2","122",NA
"Diseases of the respiratory system","2005","Male","2","58.8","48.4","69.2","124",NA
"Diseases of the respiratory system","2005","Male","3","42.4","34.4","50.5","108",NA
"Diseases of the respiratory system","2005","Male","4","20.8","15.6","27.2","54",NA
"Diseases of the respiratory system","2005","Male","5","16.8","12","22.9","40",NA
"Diseases of the respiratory system","2006","Male","1","68.599999999999994","57.2","80","141",NA
"Diseases of the respiratory system","2006","Male","2","50.3","40.700000000000003","59.8","108",NA
"Diseases of the respiratory system","2006","Male","3","32.4","25.9","40.1","85",NA
"Diseases of the respiratory system","2006","Male","4","24.6","18.899999999999999","31.5","64",NA
"Diseases of the respiratory system","2006","Male","5","16.3","11.6","22.3","39",NA
"Diseases of the respiratory system","2007","Male","1","65.900000000000006","54.8","77.099999999999994","136",NA
"Diseases of the respiratory system","2007","Male","2","51.2","41.8","60.7","114",NA
"Diseases of the respiratory system","2007","Male","3","32.5","26","40.200000000000003","85",NA
"Diseases of the respiratory system","2007","Male","4","21","15.9","27.2","58",NA
"Diseases of the respiratory system","2007","Male","5","23.3","17.7","30.2","58",NA
"Diseases of the respiratory system","2008","Male","1","60.2","49.5","70.900000000000006","124",NA
"Diseases of the respiratory system","2008","Male","2","47.4","38.4","56.5","107",NA
"Diseases of the respiratory system","2008","Male","3","37.4","30.4","45.6","99",NA
"Diseases of the respiratory system","2008","Male","4","24","18.600000000000001","30.6","66",NA
"Diseases of the respiratory system","2008","Male","5","16.899999999999999","12.2","22.8","43",NA
"Diseases of the respiratory system","2009","Male","1","66.2","55.1","77.3","139",NA
"Diseases of the respiratory system","2009","Male","2","60.4","50.3","70.5","139",NA
"Diseases of the respiratory system","2009","Male","3","33.799999999999997","27.2","41.5","92",NA
"Diseases of the respiratory system","2009","Male","4","21.6","16.5","27.9","60",NA
"Diseases of the respiratory system","2009","Male","5","21.1","15.9","27.6","54",NA
"Diseases of the respiratory system","2010","Male","1","80","67.8","92.1","169",NA
"Diseases of the respiratory system","2010","Male","2","51.7","42.5","61","122",NA
"Diseases of the respiratory system","2010","Male","3","30.8","24.6","38.200000000000003","85",NA
"Diseases of the respiratory system","2010","Male","4","22.5","17.3","28.7","65",NA
"Diseases of the respiratory system","2010","Male","5","15.6","11.3","21.2","42",NA
"Diseases of the respiratory system","2011","Male","1","72.900000000000006","61.4","84.5","156",NA
"Diseases of the respiratory system","2011","Male","2","53","43.8","62.2","130",NA
"Diseases of the respiratory system","2011","Male","3","45.4","37.4","53.4","124",NA
"Diseases of the respiratory system","2011","Male","4","22.4","17.2","28.6","63",NA
"Diseases of the respiratory system","2011","Male","5","16.100000000000001","11.7","21.7","44",NA
"Diseases of the respiratory system","2012","Male","1","75.900000000000006","64.099999999999994","87.7","161",NA
"Diseases of the respiratory system","2012","Male","2","45.6","37.299999999999997","54","115",NA
"Diseases of the respiratory system","2012","Male","3","29.2","23.2","36.4","81",NA
"Diseases of the respiratory system","2012","Male","4","22.2","17.100000000000001","28.4","64",NA
"Diseases of the respiratory system","2012","Male","5","18.2","13.5","24","51",NA
"Diseases of the respiratory system","2013","Male","1","67","55.9","78","143",NA
"Diseases of the respiratory system","2013","Male","2","48.1","39.5","56.7","122",NA
"Diseases of the respiratory system","2013","Male","3","33.299999999999997","27","40.700000000000003","97",NA
"Diseases of the respiratory system","2013","Male","4","22.4","17.3","28.5","66",NA
"Diseases of the respiratory system","2013","Male","5","21.8","16.8","28","63",NA
"Diseases of the respiratory system","2014","Male","1","69.900000000000006","58.7","81","153",NA
"Diseases of the respiratory system","2014","Male","2","43.5","35.5","51.5","114",NA
"Diseases of the respiratory system","2014","Male","3","31.5","25.3","38.6","92",NA
"Diseases of the respiratory system","2014","Male","4","22.2","17.2","28.3","67",NA
"Diseases of the respiratory system","2014","Male","5","16.2","12","21.5","48",NA
"Diseases of the respiratory system","2015","Male","1","80.8","68.8","92.7","179",NA
"Diseases of the respiratory system","2015","Male","2","54","45.1","62.9","141",NA
"Diseases of the respiratory system","2015","Male","3","37.799999999999997","30.8","44.9","111",NA
"Diseases of the respiratory system","2015","Male","4","26.9","21.4","33.299999999999997","84",NA
"Diseases of the respiratory system","2015","Male","5","23.1","18","29.2","70",NA
"Diseases of the respiratory system","2016","Male","1","84.2","72.2","96.2","191",NA
"Diseases of the respiratory system","2016","Male","2","60.3","50.9","69.7","159",NA
"Diseases of the respiratory system","2016","Male","3","37.6","30.6","44.5","114",NA
"Diseases of the respiratory system","2016","Male","4","25.6","20.399999999999999","31.8","83",NA
"Diseases of the respiratory system","2016","Male","5","22.6","17.600000000000001","28.5","71",NA
"Diseases of the respiratory system","2017","Male","1","68.5","57.7","79.3","157",NA
"Diseases of the respiratory system","2017","Male","2","53.7","45","62.5","145",NA
"Diseases of the respiratory system","2017","Male","3","40.9","33.700000000000003","48","126",NA
"Diseases of the respiratory system","2017","Male","4","25.6","20.5","31.7","85",NA
"Diseases of the respiratory system","2017","Male","5","21.3","16.399999999999999","27.1","66",NA
"Diseases of the respiratory system","2018","Male","1","88.3","76.2","100.4","206",NA
"Diseases of the respiratory system","2018","Male","2","50.9","42.5","59.3","140",NA
"Diseases of the respiratory system","2018","Male","3","39.1","32.1","46.1","122",NA
"Diseases of the respiratory system","2018","Male","4","25.7","20.6","31.7","88",NA
"Diseases of the respiratory system","2018","Male","5","20.399999999999999","15.8","25.9","67",NA
"Diseases of the respiratory system","2019","Male","1","84.5","72.8","96.3","201",NA
"Diseases of the respiratory system","2019","Male","2","55.9","47.1","64.7","155",NA
"Diseases of the respiratory system","2019","Male","3","35.200000000000003","28.6","41.7","112",NA
"Diseases of the respiratory system","2019","Male","4","32.799999999999997","26.7","38.9","112",NA
"Diseases of the respiratory system","2019","Male","5","18.100000000000001","13.7","23.3","59",NA
"Diseases of the respiratory system","2020","Male","1","56","46.5","65.5","134",NA
"Diseases of the respiratory system","2020","Male","2","36.5","29.4","43.6","102",NA
"Diseases of the respiratory system","2020","Male","3","30.3","24.4","37","95",NA
"Diseases of the respiratory system","2020","Male","4","19.3","14.9","24.6","66",NA
"Diseases of the respiratory system","2020","Male","5","10.9","7.6","15.2","35",NA
"Alcohol-related & drug-related","2001","Female","1","19","13.9","25.3","47",NA
"Alcohol-related & drug-related","2001","Female","2","18.899999999999999","13.8","25.3","45",NA
"Alcohol-related & drug-related","2001","Female","3","9.4","6","14","24",NA
"Alcohol-related & drug-related","2001","Female","4","14","9.8000000000000007","19.3","37",NA
"Alcohol-related & drug-related","2001","Female","5","7.4","4.5","11.4","20",NA
"Alcohol-related & drug-related","2002","Female","1","22.3","16.7","29.1","54",NA
"Alcohol-related & drug-related","2002","Female","2","10.1","6.5","15","25",NA
"Alcohol-related & drug-related","2002","Female","3","10.4","6.8","15.1","27",NA
"Alcohol-related & drug-related","2002","Female","4","10","6.6","14.5","27",NA
"Alcohol-related & drug-related","2003","Female","1","20.7","15.4","27.2","51",NA
"Alcohol-related & drug-related","2003","Female","2","12.5","8.5","17.8","31",NA
"Alcohol-related & drug-related","2003","Female","3","13.6","9.5","18.8","36",NA
"Alcohol-related & drug-related","2003","Female","4","8.6999999999999993","5.6","13","24",NA
"Alcohol-related & drug-related","2003","Female","5","9.8000000000000007","6.4","14.2","27",NA
"Alcohol-related & drug-related","2004","Female","1","18.899999999999999","13.9","25.2","47",NA
"Alcohol-related & drug-related","2004","Female","2","19.399999999999999","14.3","25.7","48",NA
"Alcohol-related & drug-related","2004","Female","3","12.4","8.5","17.399999999999999","33",NA
"Alcohol-related & drug-related","2004","Female","4","9.8000000000000007","6.5","14.3","27",NA
"Alcohol-related & drug-related","2005","Female","1","19","13.9","25.3","47",NA
"Alcohol-related & drug-related","2005","Female","2","20.9","15.6","27.4","52",NA
"Alcohol-related & drug-related","2005","Female","3","13.7","9.6999999999999993","18.8","38",NA
"Alcohol-related & drug-related","2005","Female","4","8.6999999999999993","5.7","12.9","25",NA
"Alcohol-related & drug-related","2005","Female","5","8","5","12.1","22",NA
"Alcohol-related & drug-related","2006","Female","1","27.7","21.5","35.200000000000003","67",NA
"Alcohol-related & drug-related","2006","Female","2","17.8","12.9","23.9","44",NA
"Alcohol-related & drug-related","2006","Female","3","13.8","9.8000000000000007","18.899999999999999","39",NA
"Alcohol-related & drug-related","2006","Female","4","9.3000000000000007","6.1","13.6","27",NA
"Alcohol-related & drug-related","2007","Female","1","21.6","16.2","28.2","54",NA
"Alcohol-related & drug-related","2007","Female","2","21.6","16.2","28.3","53",NA
"Alcohol-related & drug-related","2007","Female","3","14.1","10","19.3","39",NA
"Alcohol-related & drug-related","2007","Female","5","7","4.3","10.8","20",NA
"Alcohol-related & drug-related","2008","Female","1","26.2","20.2","33.5","65",NA
"Alcohol-related & drug-related","2008","Female","2","20.399999999999999","15.3","26.8","52",NA
"Alcohol-related & drug-related","2008","Female","3","14.4","10.3","19.600000000000001","41",NA
"Alcohol-related & drug-related","2008","Female","4","13.2","9.3000000000000007","18.100000000000001","38",NA
"Alcohol-related & drug-related","2008","Female","5","10.5","7.1","15.1","30",NA
"Alcohol-related & drug-related","2009","Female","1","20.7","15.4","27.1","52",NA
"Alcohol-related & drug-related","2009","Female","2","15.1","10.7","20.6","39",NA
"Alcohol-related & drug-related","2009","Female","3","10.6","7.2","15.1","31",NA
"Alcohol-related & drug-related","2009","Female","4","8.8000000000000007","5.7","12.9","26",NA
"Alcohol-related & drug-related","2009","Female","5","6.7","4.0999999999999996","10.3","20",NA
"Alcohol-related & drug-related","2010","Female","1","30.4","23.8","38.1","75",NA
"Alcohol-related & drug-related","2010","Female","2","21.7","16.399999999999999","28.1","57",NA
"Alcohol-related & drug-related","2010","Female","3","11.8","8.1999999999999993","16.5","34",NA
"Alcohol-related & drug-related","2010","Female","4","9.8000000000000007","6.5","14","29",NA
"Alcohol-related & drug-related","2010","Female","5","8.5","5.5","12.6","25",NA
"Alcohol-related & drug-related","2011","Female","1","28.9","22.6","36.4","72",NA
"Alcohol-related & drug-related","2011","Female","2","19.7","14.7","25.8","53",NA
"Alcohol-related & drug-related","2011","Female","3","13.9","9.9","19","40",NA
"Alcohol-related & drug-related","2011","Female","4","9.3000000000000007","6.1","13.5","27",NA
"Alcohol-related & drug-related","2011","Female","5","7.3","4.5","11","22",NA
"Alcohol-related & drug-related","2012","Female","1","26.2","20.3","33.4","66",NA
"Alcohol-related & drug-related","2012","Female","2","20.6","15.5","26.7","56",NA
"Alcohol-related & drug-related","2012","Female","3","13.6","9.6999999999999993","18.600000000000001","40",NA
"Alcohol-related & drug-related","2012","Female","4","13.1","9.1999999999999993","18","38",NA
"Alcohol-related & drug-related","2012","Female","5","8.9","5.8","13.1","26",NA
"Alcohol-related & drug-related","2013","Female","1","21","15.8","27.3","55",NA
"Alcohol-related & drug-related","2013","Female","2","19.399999999999999","14.5","25.4","53",NA
"Alcohol-related & drug-related","2013","Female","3","12.8","9","17.600000000000001","37",NA
"Alcohol-related & drug-related","2013","Female","4","9.9","6.6","14.2","29",NA
"Alcohol-related & drug-related","2013","Female","5","7.5","4.7","11.3","23",NA
"Alcohol-related & drug-related","2014","Female","1","23.6","17.899999999999999","30.6","58",NA
"Alcohol-related & drug-related","2014","Female","2","16.2","11.8","21.8","44",NA
"Alcohol-related & drug-related","2014","Female","3","16.2","11.9","21.4","48",NA
"Alcohol-related & drug-related","2014","Female","4","8.6","5.5","12.7","25",NA
"Alcohol-related & drug-related","2014","Female","5","8.1","5.0999999999999996","12.2","23",NA
"Alcohol-related & drug-related","2015","Female","1","28.6","22.3","36.1","71",NA
"Alcohol-related & drug-related","2015","Female","2","19.100000000000001","14.3","25.1","52",NA
"Alcohol-related & drug-related","2015","Female","3","13","9.1","18.100000000000001","36",NA
"Alcohol-related & drug-related","2015","Female","4","10.6","7.2","15","32",NA
"Alcohol-related & drug-related","2015","Female","5","7.7","4.9000000000000004","11.6","23",NA
"Alcohol-related & drug-related","2016","Female","1","24.8","19.100000000000001","31.8","64",NA
"Alcohol-related & drug-related","2016","Female","2","20.2","15.2","26.3","56",NA
"Alcohol-related & drug-related","2016","Female","3","15","10.7","20.3","42",NA
"Alcohol-related & drug-related","2016","Female","4","7.5","4.7","11.4","23",NA
"Alcohol-related & drug-related","2016","Female","5","9.3000000000000007","6.2","13.5","28",NA
"Alcohol-related & drug-related","2017","Female","1","31.2","24.7","38.9","80",NA
"Alcohol-related & drug-related","2017","Female","2","19.100000000000001","14.3","25","53",NA
"Alcohol-related & drug-related","2017","Female","3","13.9","9.9","19","40",NA
"Alcohol-related & drug-related","2017","Female","4","11.9","8.4","16.5","37",NA
"Alcohol-related & drug-related","2017","Female","5","10.3","7.1","14.6","32",NA
"Alcohol-related & drug-related","2018","Female","1","32.299999999999997","25.6","40.1","82",NA
"Alcohol-related & drug-related","2018","Female","2","25.1","19.5","31.7","70",NA
"Alcohol-related & drug-related","2018","Female","3","17.600000000000001","13.1","23.1","52",NA
"Alcohol-related & drug-related","2018","Female","4","9.8000000000000007","6.6","14.1","30",NA
"Alcohol-related & drug-related","2018","Female","5","8.4","5.4","12.4","26",NA
"Alcohol-related & drug-related","2019","Female","1","30.9","24.4","38.5","79",NA
"Alcohol-related & drug-related","2019","Female","2","22.1","17","28.4","62",NA
"Alcohol-related & drug-related","2019","Female","3","11.9","8.3000000000000007","16.600000000000001","35",NA
"Alcohol-related & drug-related","2019","Female","4","9.4","6.3","13.5","30",NA
"Alcohol-related & drug-related","2019","Female","5","8.4","5.5","12.3","27",NA
"Alcohol-related & drug-related","2020","Female","1","26.2","20.399999999999999","33.1","71",NA
"Alcohol-related & drug-related","2020","Female","2","19.7","14.8","25.7","55",NA
"Alcohol-related & drug-related","2020","Female","3","11.9","8.3000000000000007","16.600000000000001","35",NA
"Alcohol-related & drug-related","2020","Female","4","10.8","7.4","15.1","34",NA
"Alcohol-related & drug-related","2020","Female","5","12.2","8.5","16.899999999999999","37",NA
"Diseases of the circulatory system","2001","Female","1","156.19999999999999","140","172.4","360",NA
"Diseases of the circulatory system","2001","Female","2","119.6","105.6","133.5","284",NA
"Diseases of the circulatory system","2001","Female","3","93.8","81.900000000000006","105.7","239",NA
"Diseases of the circulatory system","2001","Female","4","89.2","77.7","100.7","232",NA
"Diseases of the circulatory system","2001","Female","5","66.5","56.4","76.599999999999994","167",NA
"Diseases of the circulatory system","2002","Female","1","151","135","167","341",NA
"Diseases of the circulatory system","2002","Female","2","120","106","133.9","283",NA
"Diseases of the circulatory system","2002","Female","3","91.8","80","103.6","234",NA
"Diseases of the circulatory system","2002","Female","4","77.3","66.7","87.9","204",NA
"Diseases of the circulatory system","2002","Female","5","68.599999999999994","58.4","78.8","175",NA
"Diseases of the circulatory system","2003","Female","1","148.80000000000001","132.9","164.6","339",NA
"Diseases of the circulatory system","2003","Female","2","108.9","95.7","122.2","259",NA
"Diseases of the circulatory system","2003","Female","3","90.1","78.5","101.7","232",NA
"Diseases of the circulatory system","2003","Female","4","68.900000000000006","59","78.900000000000006","184",NA
"Diseases of the circulatory system","2003","Female","5","57.4","48.2","66.599999999999994","150",NA
"Diseases of the circulatory system","2004","Female","1","150.6","134.6","166.6","341",NA
"Diseases of the circulatory system","2004","Female","2","94.5","82.1","106.8","226",NA
"Diseases of the circulatory system","2004","Female","3","66.5","56.5","76.400000000000006","173",NA
"Diseases of the circulatory system","2004","Female","4","69.2","59.2","79.2","185",NA
"Diseases of the circulatory system","2004","Female","5","55.7","46.7","64.7","147",NA
"Diseases of the circulatory system","2005","Female","1","125.2","110.7","139.80000000000001","286",NA
"Diseases of the circulatory system","2005","Female","2","94.2","81.599999999999994","106.9","215",NA
"Diseases of the circulatory system","2005","Female","3","64.5","54.9","74.099999999999994","175",NA
"Diseases of the circulatory system","2005","Female","4","60.2","50.9","69.5","163",NA
"Diseases of the circulatory system","2005","Female","5","52.1","43.3","60.8","137",NA
"Diseases of the circulatory system","2006","Female","1","108.4","94.9","121.9","249",NA
"Diseases of the circulatory system","2006","Female","2","89.1","76.900000000000006","101.2","206",NA
"Diseases of the circulatory system","2006","Female","3","65.2","55.7","74.7","181",NA
"Diseases of the circulatory system","2006","Female","4","54.7","45.9","63.5","150",NA
"Diseases of the circulatory system","2006","Female","5","40","32.4","47.6","106",NA
"Diseases of the circulatory system","2007","Female","1","109.2","95.7","122.8","251",NA
"Diseases of the circulatory system","2007","Female","2","80.900000000000006","69.3","92.5","188",NA
"Diseases of the circulatory system","2007","Female","3","58.1","49.1","67.099999999999994","162",NA
"Diseases of the circulatory system","2007","Female","4","53","44.4","61.6","148",NA
"Diseases of the circulatory system","2007","Female","5","45.3","37.299999999999997","53.3","123",NA
"Diseases of the circulatory system","2008","Female","1","110.6","96.9","124.4","249",NA
"Diseases of the circulatory system","2008","Female","2","82.6","71.099999999999994","94","201",NA
"Diseases of the circulatory system","2008","Female","3","52.7","44.1","61.2","147",NA
"Diseases of the circulatory system","2008","Female","4","47.2","39.299999999999997","55.1","138",NA
"Diseases of the circulatory system","2008","Female","5","34.5","27.9","42.2","96",NA
"Diseases of the circulatory system","2009","Female","1","88","75.7","100.2","200",NA
"Diseases of the circulatory system","2009","Female","2","79.599999999999994","68.400000000000006","90.8","195",NA
"Diseases of the circulatory system","2009","Female","3","56.5","47.7","65.2","162",NA
"Diseases of the circulatory system","2009","Female","4","47.2","39.4","55.1","141",NA
"Diseases of the circulatory system","2009","Female","5","38.700000000000003","31.5","45.9","111",NA
"Diseases of the circulatory system","2010","Female","1","84.2","72.3","96.2","192",NA
"Diseases of the circulatory system","2010","Female","2","70.7","60.2","81.2","175",NA
"Diseases of the circulatory system","2010","Female","3","61.9","52.8","71","178",NA
"Diseases of the circulatory system","2010","Female","4","38.6","31.5","45.6","116",NA
"Diseases of the circulatory system","2010","Female","5","27.9","22.2","34.700000000000003","81",NA
"Diseases of the circulatory system","2011","Female","1","96.7","83.8","109.6","217",NA
"Diseases of the circulatory system","2011","Female","2","65.2","55.4","75.099999999999994","170",NA
"Diseases of the circulatory system","2011","Female","3","48.5","40.5","56.6","141",NA
"Diseases of the circulatory system","2011","Female","4","41.1","33.799999999999997","48.5","121",NA
"Diseases of the circulatory system","2011","Female","5","29.9","24","36.9","89",NA
"Diseases of the circulatory system","2012","Female","1","82.9","71.099999999999994","94.7","190",NA
"Diseases of the circulatory system","2012","Female","2","65.8","56.1","75.599999999999994","175",NA
"Diseases of the circulatory system","2012","Female","3","51.1","42.9","59.3","150",NA
"Diseases of the circulatory system","2012","Female","4","37.6","30.7","44.4","116",NA
"Diseases of the circulatory system","2012","Female","5","24.5","19.3","30.7","76",NA
"Diseases of the circulatory system","2013","Female","1","78.3","66.8","89.7","180",NA
"Diseases of the circulatory system","2013","Female","2","53.9","45.2","62.6","147",NA
"Diseases of the circulatory system","2013","Female","3","50.3","42.3","58.4","151",NA
"Diseases of the circulatory system","2013","Female","4","39.6","32.5","46.6","122",NA
"Diseases of the circulatory system","2013","Female","5","27.9","22.4","34.5","87",NA
"Diseases of the circulatory system","2014","Female","1","72.900000000000006","61.9","83.9","169",NA
"Diseases of the circulatory system","2014","Female","2","61.1","51.9","70.400000000000006","168",NA
"Diseases of the circulatory system","2014","Female","3","45.9","38.299999999999997","53.5","140",NA
"Diseases of the circulatory system","2014","Female","4","37.1","30.4","43.9","117",NA
"Diseases of the circulatory system","2014","Female","5","23.4","18.3","29.4","73",NA
"Diseases of the circulatory system","2015","Female","1","72.599999999999994","61.7","83.5","171",NA
"Diseases of the circulatory system","2015","Female","2","63.2","53.7","72.599999999999994","173",NA
"Diseases of the circulatory system","2015","Female","3","41.4","34.200000000000003","48.6","127",NA
"Diseases of the circulatory system","2015","Female","4","39.6","32.799999999999997","46.4","131",NA
"Diseases of the circulatory system","2015","Female","5","28.4","22.8","34.9","90",NA
"Diseases of the circulatory system","2016","Female","1","73.400000000000006","62.5","84.3","176",NA
"Diseases of the circulatory system","2016","Female","2","61.4","52.2","70.599999999999994","172",NA
"Diseases of the circulatory system","2016","Female","3","50.6","42.6","58.6","156",NA
"Diseases of the circulatory system","2016","Female","4","39.200000000000003","32.4","45.9","131",NA
"Diseases of the circulatory system","2016","Female","5","22.9","18.100000000000001","28.7","77",NA
"Diseases of the circulatory system","2017","Female","1","66.099999999999994","55.8","76.400000000000006","159",NA
"Diseases of the circulatory system","2017","Female","2","51.5","43.2","59.8","147",NA
"Diseases of the circulatory system","2017","Female","3","41.3","34.200000000000003","48.5","131",NA
"Diseases of the circulatory system","2017","Female","4","32.9","26.8","38.9","114",NA
"Diseases of the circulatory system","2017","Female","5","22.9","18","28.7","77",NA
"Diseases of the circulatory system","2018","Female","1","81.900000000000006","70.599999999999994","93.3","201",NA
"Diseases of the circulatory system","2018","Female","2","51.1","42.9","59.4","149",NA
"Diseases of the circulatory system","2018","Female","3","41.9","34.799999999999997","48.9","137",NA
"Diseases of the circulatory system","2018","Female","4","35.4","29","41.8","121",NA
"Diseases of the circulatory system","2018","Female","5","22.7","17.899999999999999","28.5","77",NA
"Diseases of the circulatory system","2019","Female","1","72.7","62.2","83.3","182",NA
"Diseases of the circulatory system","2019","Female","2","50.6","42.4","58.7","148",NA
"Diseases of the circulatory system","2019","Female","3","44.6","37.200000000000003","51.9","144",NA
"Diseases of the circulatory system","2019","Female","4","29.9","24.1","35.6","106",NA
"Diseases of the circulatory system","2019","Female","5","24.5","19.5","30.3","86",NA
"Diseases of the circulatory system","2020","Female","1","83.3","72","94.6","208",NA
"Diseases of the circulatory system","2020","Female","2","58.1","49.4","66.8","171",NA
"Diseases of the circulatory system","2020","Female","3","47.2","39.700000000000003","54.6","156",NA
"Diseases of the circulatory system","2020","Female","4","32.9","26.9","38.9","117",NA
"Diseases of the circulatory system","2020","Female","5","26","20.8","32","90",NA
"Injuries","2001","Female","1","12","8","17.100000000000001","30",NA
"Injuries","2001","Female","2","11.9","8","17","30",NA
"Injuries","2001","Female","3","9.9","6.5","14.6","26",NA
"Injuries","2001","Female","4","8.9","5.7","13.2","24",NA
"Injuries","2001","Female","5","8.3000000000000007","5.2","12.6","22",NA
"Injuries","2002","Female","1","10.9","7.2","15.9","27",NA
"Injuries","2002","Female","2","10.6","7","15.4","27",NA
"Injuries","2002","Female","3","9.1","5.8","13.5","24",NA
"Injuries","2002","Female","4","7.9","5","12","22",NA
"Injuries","2002","Female","5","7.5","4.5999999999999996","11.7","20",NA
"Injuries","2003","Female","1","16.600000000000001","11.9","22.4","43",NA
"Injuries","2003","Female","2","11.8","8","16.8","31",NA
"Injuries","2003","Female","3","10.9","7.3","15.7","29",NA
"Injuries","2003","Female","5","8.1999999999999993","5.0999999999999996","12.5","21",NA
"Injuries","2004","Female","1","8.3000000000000007","5.0999999999999996","12.7","21",NA
"Injuries","2004","Female","2","10.6","7","15.3","28",NA
"Injuries","2004","Female","3","8.6999999999999993","5.5","13.1","23",NA
"Injuries","2004","Female","4","7.7","4.7","11.8","21",NA
"Injuries","2004","Female","5","9.1999999999999993","5.9","13.5","25",NA
"Injuries","2005","Female","1","7.6","4.5999999999999996","11.7","20",NA
"Injuries","2005","Female","2","9.6","6.1","14.2","24",NA
"Injuries","2005","Female","3","12.4","8.6","17.2","35",NA
"Injuries","2005","Female","5","[x]","[x]","[x]","9",NA
"Injuries","2006","Female","1","10.3","6.7","15.2","26",NA
"Injuries","2006","Female","2","9.6999999999999993","6.2","14.3","25",NA
"Injuries","2006","Female","3","10","6.6","14.5","28",NA
"Injuries","2006","Female","4","7.1","4.3","11","20",NA
"Injuries","2007","Female","1","15.1","10.7","20.8","39",NA
"Injuries","2007","Female","2","11.1","7.4","16","29",NA
"Injuries","2007","Female","3","10.7","7.2","15.3","30",NA
"Injuries","2007","Female","4","8.3000000000000007","5.3","12.4","24",NA
"Injuries","2007","Female","5","10.1","6.8","14.5","29",NA
"Injuries","2008","Female","1","12","8.1999999999999993","17","32",NA
"Injuries","2008","Female","2","11.8","8","16.7","32",NA
"Injuries","2008","Female","3","9.6","6.2","14","26",NA
"Injuries","2008","Female","4","10.7","7.2","15.2","31",NA
"Injuries","2008","Female","5","6.9","4.2","10.7","20",NA
"Injuries","2009","Female","1","13.1","9","18.3","34",NA
"Injuries","2009","Female","2","11.2","7.5","16","29",NA
"Injuries","2009","Female","3","12.8","9","17.8","36",NA
"Injuries","2009","Female","4","12.8","9","17.600000000000001","38",NA
"Injuries","2010","Female","1","12.4","8.4","17.5","32",NA
"Injuries","2010","Female","2","8.3000000000000007","5.3","12.5","23",NA
"Injuries","2010","Female","3","9.6","6.4","13.9","28",NA
"Injuries","2010","Female","4","11.4","7.9","16.100000000000001","33",NA
"Injuries","2010","Female","5","7.1","4.4000000000000004","10.8","21",NA
"Injuries","2011","Female","1","9.6","6.2","14.2","26",NA
"Injuries","2011","Female","2","9.1","5.9","13.5","25",NA
"Injuries","2011","Female","3","8","5","12.2","22",NA
"Injuries","2011","Female","4","8.1999999999999993","5.2","12.2","24",NA
"Injuries","2011","Female","5","7","4.3","10.8","21",NA
"Injuries","2012","Female","1","10.199999999999999","6.7","14.9","27",NA
"Injuries","2012","Female","2","8.4","5.3","12.6","23",NA
"Injuries","2012","Female","3","7.5","4.7","11.4","22",NA
"Injuries","2012","Female","4","7.7","4.8","11.6","23",NA
"Injuries","2013","Female","1","7.8","4.7","12.1","20",NA
"Injuries","2013","Female","2","11.5","7.9","16.3","32",NA
"Injuries","2013","Female","3","10.9","7.5","15.3","33",NA
"Injuries","2013","Female","4","8.1999999999999993","5.2","12.3","24",NA
"Injuries","2014","Female","2","9.4","6.1","13.8","26",NA
"Injuries","2014","Female","3","8.8000000000000007","5.8","12.9","27",NA
"Injuries","2014","Female","4","7.6","4.8","11.4","23",NA
"Injuries","2015","Female","1","12.3","8.4","17.5","32",NA
"Injuries","2015","Female","2","11.2","7.6","16","31",NA
"Injuries","2015","Female","3","9.9","6.6","14.1","30",NA
"Injuries","2015","Female","4","7.3","4.5","11","22",NA
"Injuries","2015","Female","5","10.199999999999999","6.9","14.7","30",NA
"Injuries","2016","Female","1","15.2","10.8","20.8","40",NA
"Injuries","2016","Female","2","9.3000000000000007","6","13.6","26",NA
"Injuries","2016","Female","3","9","6","13.1","28",NA
"Injuries","2016","Female","4","7.6","4.8","11.5","23",NA
"Injuries","2016","Female","5","7.6","4.7","11.6","22",NA
"Injuries","2017","Female","1","14","9.8000000000000007","19.3","37",NA
"Injuries","2017","Female","2","11.8","8.1999999999999993","16.600000000000001","34",NA
"Injuries","2017","Female","4","9.9","6.6","14.2","29",NA
"Injuries","2018","Female","1","15.9","11.4","21.6","42",NA
"Injuries","2018","Female","2","10.6","7.2","15.2","30",NA
"Injuries","2018","Female","3","10.1","6.8","14.5","30",NA
"Injuries","2018","Female","4","7","4.3","10.7","22",NA
"Injuries","2018","Female","5","9.6","6.4","13.7","29",NA
"Injuries","2019","Female","1","10.4","6.9","15.2","27",NA
"Injuries","2019","Female","2","10.7","7.2","15.3","30",NA
"Injuries","2019","Female","3","11.9","8.3000000000000007","16.5","36",NA
"Injuries","2019","Female","4","8.3000000000000007","5.3","12.5","24",NA
"Injuries","2019","Female","5","7.2","4.5999999999999996","10.8","24",NA
"Injuries","2020","Female","1","11.6","7.9","16.600000000000001","31",NA
"Injuries","2020","Female","2","7","4.2","10.8","20",NA
"Injuries","2020","Female","3","6.3","3.8","9.6999999999999993","20",NA
"Injuries","2020","Female","4","9.1","6","13.3","27",NA
"Neoplasms","2001","Female","1","144.30000000000001","128.80000000000001","159.9","331",NA
"Neoplasms","2001","Female","2","117","103.2","130.69999999999999","277",NA
"Neoplasms","2001","Female","3","104.6","92","117.1","266",NA
"Neoplasms","2001","Female","4","97.7","85.7","109.6","257",NA
"Neoplasms","2001","Female","5","77.8","67","88.6","200",NA
"Neoplasms","2002","Female","1","128.6","113.8","143.30000000000001","292",NA
"Neoplasms","2002","Female","2","109.7","96.3","123","260",NA
"Neoplasms","2002","Female","3","107.8","95.1","120.5","277",NA
"Neoplasms","2002","Female","4","83.6","72.599999999999994","94.5","224",NA
"Neoplasms","2002","Female","5","79.5","68.8","90.3","211",NA
"Neoplasms","2003","Female","1","124.8","110.3","139.30000000000001","285",NA
"Neoplasms","2003","Female","2","110.3","96.9","123.6","263",NA
"Neoplasms","2003","Female","3","88.8","77.400000000000006","100.3","232",NA
"Neoplasms","2003","Female","4","84.1","73.2","95","229",NA
"Neoplasms","2003","Female","5","77.2","66.599999999999994","87.8","205",NA
"Neoplasms","2004","Female","1","121.6","107.3","135.9","278",NA
"Neoplasms","2004","Female","2","96.3","84","108.7","233",NA
"Neoplasms","2004","Female","3","87.9","76.599999999999994","99.3","233",NA
"Neoplasms","2004","Female","4","101.8","89.9","113.8","281",NA
"Neoplasms","2004","Female","5","67.3","57.5","77.099999999999994","182",NA
"Neoplasms","2005","Female","1","143.5","128","158.9","331",NA
"Neoplasms","2005","Female","2","108.8","95.4","122.2","253",NA
"Neoplasms","2005","Female","3","93.2","81.8","104.6","257",NA
"Neoplasms","2005","Female","4","86.7","75.7","97.6","244",NA
"Neoplasms","2005","Female","5","72.099999999999994","61.9","82.3","194",NA
"Neoplasms","2006","Female","1","137.19999999999999","122","152.4","315",NA
"Neoplasms","2006","Female","2","113.3","99.7","126.9","268",NA
"Neoplasms","2006","Female","3","90.1","79","101.2","253",NA
"Neoplasms","2006","Female","4","75.8","65.599999999999994","86.1","214",NA
"Neoplasms","2006","Female","5","88.4","77.2","99.5","241",NA
"Neoplasms","2007","Female","1","124.8","110.4","139.19999999999999","288",NA
"Neoplasms","2007","Female","2","110.3","96.9","123.7","261",NA
"Neoplasms","2007","Female","3","99.7","88","111.3","283",NA
"Neoplasms","2007","Female","4","75.599999999999994","65.5","85.7","217",NA
"Neoplasms","2007","Female","5","77.599999999999994","67.2","88.1","214",NA
"Neoplasms","2008","Female","1","133.4","118.4","148.4","304",NA
"Neoplasms","2008","Female","2","100.2","87.6","112.7","247",NA
"Neoplasms","2008","Female","3","94.4","83.1","105.7","269",NA
"Neoplasms","2008","Female","4","88.6","77.8","99.4","262",NA
"Neoplasms","2008","Female","5","71.099999999999994","61.2","80.900000000000006","202",NA
"Neoplasms","2009","Female","1","125.6","111.1","140.1","289",NA
"Neoplasms","2009","Female","2","105.7","92.8","118.5","262",NA
"Neoplasms","2009","Female","3","89.3","78.400000000000006","100.3","257",NA
"Neoplasms","2009","Female","4","73.900000000000006","64.099999999999994","83.7","220",NA
"Neoplasms","2009","Female","5","72.400000000000006","62.5","82.3","207",NA
"Neoplasms","2010","Female","1","127.4","112.8","142","293",NA
"Neoplasms","2010","Female","2","105.5","92.8","118.2","267",NA
"Neoplasms","2010","Female","3","81.8","71.400000000000006","92.3","239",NA
"Neoplasms","2010","Female","4","79.2","69.099999999999994","89.3","239",NA
"Neoplasms","2010","Female","5","70.7","61","80.400000000000006","206",NA
"Neoplasms","2011","Female","1","115.5","101.5","129.5","264",NA
"Neoplasms","2011","Female","2","100.9","88.7","113","265",NA
"Neoplasms","2011","Female","3","89.6","78.7","100.5","261",NA
"Neoplasms","2011","Female","4","68.7","59.2","78.099999999999994","206",NA
"Neoplasms","2011","Female","5","70.3","60.6","80","206",NA
"Neoplasms","2012","Female","1","121.8","107.5","136.19999999999999","278",NA
"Neoplasms","2012","Female","2","101.4","89.4","113.5","273",NA
"Neoplasms","2012","Female","3","88.4","77.599999999999994","99.1","262",NA
"Neoplasms","2012","Female","4","83.4","73.099999999999994","93.7","254",NA
"Neoplasms","2012","Female","5","64.099999999999994","55","73.2","193",NA
"Neoplasms","2013","Female","1","111.7","98.1","125.3","261",NA
"Neoplasms","2013","Female","2","89","77.8","100.3","242",NA
"Neoplasms","2013","Female","3","82.4","72.099999999999994","92.7","248",NA
"Neoplasms","2013","Female","4","81.400000000000006","71.3","91.5","253",NA
"Neoplasms","2013","Female","5","62.1","53.2","70.900000000000006","191",NA
"Neoplasms","2014","Female","1","121.3","107.2","135.4","285",NA
"Neoplasms","2014","Female","2","104.3","92.2","116.3","288",NA
"Neoplasms","2014","Female","3","85.6","75.099999999999994","96","260",NA
"Neoplasms","2014","Female","4","81.8","71.7","91.9","255",NA
"Neoplasms","2014","Female","5","65.400000000000006","56.3","74.400000000000006","203",NA
"Neoplasms","2015","Female","1","119.2","105.3","133.1","283",NA
"Neoplasms","2015","Female","2","100.3","88.4","112.1","278",NA
"Neoplasms","2015","Female","3","91.4","80.7","102.1","282",NA
"Neoplasms","2015","Female","4","72.5","63.2","81.8","236",NA
"Neoplasms","2015","Female","5","73.8","64.400000000000006","83.3","235",NA
"Neoplasms","2016","Female","1","125.7","111.4","139.9","301",NA
"Neoplasms","2016","Female","2","91.3","80.099999999999994","102.5","257",NA
"Neoplasms","2016","Female","3","85.3","75","95.6","266",NA
"Neoplasms","2016","Female","4","70.900000000000006","61.8","80","235",NA
"Neoplasms","2016","Female","5","61.3","52.8","69.900000000000006","201",NA
"Neoplasms","2017","Female","1","124.8","110.7","138.9","303",NA
"Neoplasms","2017","Female","2","103.4","91.5","115.2","293",NA
"Neoplasms","2017","Female","3","87.6","77.3","97.9","279",NA
"Neoplasms","2017","Female","4","77.599999999999994","68.2","87.1","262",NA
"Neoplasms","2017","Female","5","57.7","49.5","66","192",NA
"Neoplasms","2018","Female","1","114.4","101","127.8","282",NA
"Neoplasms","2018","Female","2","104.1","92.3","115.9","300",NA
"Neoplasms","2018","Female","3","78.7","69","88.5","252",NA
"Neoplasms","2018","Female","4","75.400000000000006","66.099999999999994","84.7","255",NA
"Neoplasms","2018","Female","5","57.8","49.6","65.900000000000006","194",NA
"Neoplasms","2019","Female","1","116.3","102.9","129.69999999999999","289",NA
"Neoplasms","2019","Female","2","83.9","73.3","94.5","242",NA
"Neoplasms","2019","Female","3","80.599999999999994","70.599999999999994","90.5","258",NA
"Neoplasms","2019","Female","4","69.2","60.4","78.099999999999994","238",NA
"Neoplasms","2019","Female","5","61","52.5","69.400000000000006","205",NA
"Neoplasms","2020","Female","1","117.7","104.3","131.19999999999999","296",NA
"Neoplasms","2020","Female","2","90.8","79.900000000000006","101.8","266",NA
"Neoplasms","2020","Female","3","83.2","73.2","93.2","269",NA
"Neoplasms","2020","Female","4","78.5","69","88","269",NA
"Neoplasms","2020","Female","5","67","58.3","75.7","232",NA
"Other","2001","Female","1","21.1","15.7","27.8","51",NA
"Other","2001","Female","2","14.7","10.3","20.399999999999999","36",NA
"Other","2001","Female","3","14.2","9.9","19.600000000000001","36",NA
"Other","2001","Female","4","12.2","8.3000000000000007","17.2","32",NA
"Other","2002","Female","1","21.4","15.9","28.2","51",NA
"Other","2002","Female","2","16.7","12","22.7","41",NA
"Other","2002","Female","3","10.9","7.3","15.8","28",NA
"Other","2002","Female","4","11.5","7.8","16.3","31",NA
"Other","2002","Female","5","8.1","5","12.4","21",NA
"Other","2003","Female","1","21.2","15.7","28","50",NA
"Other","2003","Female","2","17.3","12.4","23.4","41",NA
"Other","2003","Female","3","11.5","7.8","16.5","30",NA
"Other","2003","Female","4","12.7","8.8000000000000007","17.7","34",NA
"Other","2003","Female","5","7.9","4.9000000000000004","12.1","21",NA
"Other","2004","Female","1","19.8","14.5","26.4","47",NA
"Other","2004","Female","2","12.7","8.6999999999999993","17.899999999999999","32",NA
"Other","2004","Female","3","11.2","7.5","16","29",NA
"Other","2004","Female","4","11.5","7.8","16.3","31",NA
"Other","2004","Female","5","8.8000000000000007","5.6","13.2","23",NA
"Other","2005","Female","1","23.8","18","31","56",NA
"Other","2005","Female","2","21.5","16","28.3","51",NA
"Other","2005","Female","3","9.5","6.2","14","26",NA
"Other","2006","Female","1","18.399999999999999","13.3","24.8","43",NA
"Other","2006","Female","2","17.100000000000001","12.3","23.2","42",NA
"Other","2006","Female","3","10","6.7","14.5","28",NA
"Other","2006","Female","4","13","9.1","18","36",NA
"Other","2007","Female","1","20.399999999999999","15","27","49",NA
"Other","2007","Female","2","18","13","24.3","43",NA
"Other","2007","Female","3","7.7","4.8","11.6","22",NA
"Other","2007","Female","4","7.4","4.5999999999999996","11.4","21",NA
"Other","2008","Female","1","22.7","17","29.8","53",NA
"Other","2008","Female","2","14.2","9.9","19.8","35",NA
"Other","2008","Female","3","11","7.4","15.6","31",NA
"Other","2008","Female","4","7.2","4.5","11.1","21",NA
"Other","2009","Female","1","17.5","12.6","23.6","43",NA
"Other","2009","Female","2","14.1","9.8000000000000007","19.5","36",NA
"Other","2009","Female","3","10.199999999999999","6.8","14.6","29",NA
"Other","2009","Female","4","9","5.9","13.2","26",NA
"Other","2009","Female","5","7.7","4.7","11.8","21",NA
"Other","2010","Female","1","16.600000000000001","11.8","22.6","40",NA
"Other","2010","Female","2","13.8","9.6","19.100000000000001","36",NA
"Other","2010","Female","3","13","9.1","17.899999999999999","37",NA
"Other","2010","Female","4","7","4.3","10.8","21",NA
"Other","2010","Female","5","8.1","5.0999999999999996","12.3","22",NA
"Other","2011","Female","1","17.5","12.5","23.7","42",NA
"Other","2011","Female","2","10.5","7","15.1","29",NA
"Other","2011","Female","3","11.7","8.1","16.399999999999999","34",NA
"Other","2011","Female","4","7.2","4.4000000000000004","11","21",NA
"Other","2012","Female","1","21.3","15.9","27.9","53",NA
"Other","2012","Female","2","13.1","9.1","18.2","35",NA
"Other","2012","Female","3","9.8000000000000007","6.5","14","29",NA
"Other","2012","Female","5","7.1","4.4000000000000004","10.9","21",NA
"Other","2013","Female","1","16.5","11.8","22.4","41",NA
"Other","2013","Female","2","14.6","10.5","19.899999999999999","41",NA
"Other","2013","Female","3","8.5","5.5","12.6","25",NA
"Other","2013","Female","4","8.6","5.6","12.6","26",NA
"Other","2013","Female","5","7.5","4.8","11.3","23",NA
"Other","2014","Female","1","15.5","11","21.3","39",NA
"Other","2014","Female","2","11.7","8.1","16.5","33",NA
"Other","2014","Female","3","6.6","4","10.199999999999999","20",NA
"Other","2014","Female","4","7.4","4.5999999999999996","11.3","22",NA
"Other","2015","Female","1","17.2","12.4","23.2","42",NA
"Other","2015","Female","2","19.3","14.4","25.2","53",NA
"Other","2015","Female","3","12","8.3000000000000007","16.7","35",NA
"Other","2015","Female","5","7.3","4.5","11.1","22",NA
"Other","2016","Female","1","19.2","14.1","25.5","48",NA
"Other","2016","Female","2","10.4","7","14.9","29",NA
"Other","2016","Female","3","8.1","5.2","11.9","25",NA
"Other","2016","Female","4","6.5","4","10","21",NA
"Other","2017","Female","1","18.2","13.3","24.3","46",NA
"Other","2017","Female","2","13.4","9.5","18.5","38",NA
"Other","2017","Female","3","10.8","7.5","15.1","34",NA
"Other","2017","Female","4","12.2","8.6999999999999993","16.600000000000001","40",NA
"Other","2018","Female","1","20.8","15.5","27.3","52",NA
"Other","2018","Female","2","12.4","8.6999999999999993","17.100000000000001","36",NA
"Other","2018","Female","3","6.4","4","9.8000000000000007","21",NA
"Other","2018","Female","4","8.5","5.7","12.1","30",NA
"Other","2018","Female","5","7.7","4.9000000000000004","11.5","24",NA
"Other","2019","Female","1","21.5","16.2","28","55",NA
"Other","2019","Female","2","15.5","11.3","20.8","45",NA
"Other","2019","Female","3","9.6999999999999993","6.6","13.9","30",NA
"Other","2019","Female","4","8.4","5.5","12.1","28",NA
"Other","2020","Female","1","19.5","14.6","25.7","52",NA
"Other","2020","Female","2","13.2","9.3000000000000007","18.2","38",NA
"Other","2020","Female","3","10.7","7.5","14.9","36",NA
"Other","2020","Female","4","8.8000000000000007","5.9","12.6","30",NA
"Other","2020","Female","5","6.6","4.0999999999999996","10.199999999999999","21",NA
"Provisional assignment of new diseases","2020","Female","1","53.6","44.5","62.7","134",NA
"Provisional assignment of new diseases","2020","Female","2","30","24.1","37","89",NA
"Provisional assignment of new diseases","2020","Female","3","19.2","14.7","24.5","64",NA
"Provisional assignment of new diseases","2020","Female","4","17.8","13.7","22.8","64",NA
"Provisional assignment of new diseases","2020","Female","5","14.9","11","19.600000000000001","50",NA
"Diseases of the respiratory system","2001","Female","1","55.1","45.5","64.7","127",NA
"Diseases of the respiratory system","2001","Female","2","36.5","29.3","45.1","87",NA
"Diseases of the respiratory system","2001","Female","3","38.299999999999997","31","46.7","97",NA
"Diseases of the respiratory system","2001","Female","4","26.4","20.5","33.4","69",NA
"Diseases of the respiratory system","2001","Female","5","15.2","10.8","20.9","38",NA
"Diseases of the respiratory system","2002","Female","1","71.3","60.3","82.2","162",NA
"Diseases of the respiratory system","2002","Female","2","38.6","31.1","47.4","91",NA
"Diseases of the respiratory system","2002","Female","3","24.2","18.5","31","62",NA
"Diseases of the respiratory system","2002","Female","4","21.8","16.5","28.2","57",NA
"Diseases of the respiratory system","2002","Female","5","17.100000000000001","12.3","23","43",NA
"Diseases of the respiratory system","2003","Female","1","69.599999999999994","58.7","80.5","157",NA
"Diseases of the respiratory system","2003","Female","2","34.1","27.1","42.4","81",NA
"Diseases of the respiratory system","2003","Female","3","38","30.8","46.3","98",NA
"Diseases of the respiratory system","2003","Female","4","29.5","23.4","36.799999999999997","79",NA
"Diseases of the respiratory system","2003","Female","5","17.5","12.8","23.4","46",NA
"Diseases of the respiratory system","2004","Female","1","64.599999999999994","54.2","75.099999999999994","147",NA
"Diseases of the respiratory system","2004","Female","2","41.8","33.6","50","100",NA
"Diseases of the respiratory system","2004","Female","3","23","17.600000000000001","29.6","60",NA
"Diseases of the respiratory system","2004","Female","4","21.4","16.2","27.6","58",NA
"Diseases of the respiratory system","2004","Female","5","14.7","10.5","20.2","39",NA
"Diseases of the respiratory system","2005","Female","1","59.5","49.5","69.5","137",NA
"Diseases of the respiratory system","2005","Female","2","42","34","51.3","96",NA
"Diseases of the respiratory system","2005","Female","3","26.5","20.7","33.4","72",NA
"Diseases of the respiratory system","2005","Female","4","23.3","18","29.8","64",NA
"Diseases of the respiratory system","2005","Female","5","11.9","8.1","16.899999999999999","31",NA
"Diseases of the respiratory system","2006","Female","1","50.6","41.3","59.8","115",NA
"Diseases of the respiratory system","2006","Female","2","34.4","27.3","42.9","80",NA
"Diseases of the respiratory system","2006","Female","3","26.8","21","33.6","74",NA
"Diseases of the respiratory system","2006","Female","4","15.4","11.1","20.8","42",NA
"Diseases of the respiratory system","2006","Female","5","16.600000000000001","12.1","22.3","44",NA
"Diseases of the respiratory system","2007","Female","1","57.6","47.7","67.400000000000006","131",NA
"Diseases of the respiratory system","2007","Female","2","41.3","33.4","50.4","96",NA
"Diseases of the respiratory system","2007","Female","3","30.7","24.5","37.9","86",NA
"Diseases of the respiratory system","2007","Female","4","23.1","17.8","29.5","64",NA
"Diseases of the respiratory system","2007","Female","5","15.6","11.2","21.1","42",NA
"Diseases of the respiratory system","2008","Female","1","57.4","47.5","67.400000000000006","128",NA
"Diseases of the respiratory system","2008","Female","2","47.8","39.1","56.5","116",NA
"Diseases of the respiratory system","2008","Female","3","30.5","24.4","37.700000000000003","86",NA
"Diseases of the respiratory system","2008","Female","4","29.3","23.4","36.200000000000003","85",NA
"Diseases of the respiratory system","2008","Female","5","10.6","7.1","15.1","30",NA
"Diseases of the respiratory system","2009","Female","1","46.6","37.6","55.5","105",NA
"Diseases of the respiratory system","2009","Female","2","35.1","28.1","43.4","86",NA
"Diseases of the respiratory system","2009","Female","3","23.7","18.399999999999999","30","68",NA
"Diseases of the respiratory system","2009","Female","4","18.2","13.7","23.8","55",NA
"Diseases of the respiratory system","2009","Female","5","12","8.3000000000000007","16.8","34",NA
"Diseases of the respiratory system","2010","Female","1","53.9","44.3","63.4","122",NA
"Diseases of the respiratory system","2010","Female","2","39.6","32.1","48.3","97",NA
"Diseases of the respiratory system","2010","Female","3","27.8","22","34.6","80",NA
"Diseases of the respiratory system","2010","Female","4","18.2","13.6","23.7","54",NA
"Diseases of the respiratory system","2010","Female","5","11.3","7.7","15.9","32",NA
"Diseases of the respiratory system","2011","Female","1","66.3","55.7","77","150",NA
"Diseases of the respiratory system","2011","Female","2","38.799999999999997","31.3","46.4","102",NA
"Diseases of the respiratory system","2011","Female","3","22.6","17.5","28.9","65",NA
"Diseases of the respiratory system","2011","Female","4","22.6","17.5","28.7","68",NA
"Diseases of the respiratory system","2011","Female","5","16.600000000000001","12.3","22","49",NA
"Diseases of the respiratory system","2012","Female","1","50.9","41.7","60.2","117",NA
"Diseases of the respiratory system","2012","Female","2","37.700000000000003","30.4","45.1","102",NA
"Diseases of the respiratory system","2012","Female","3","22.4","17.3","28.5","66",NA
"Diseases of the respiratory system","2012","Female","4","19.399999999999999","14.8","25.1","59",NA
"Diseases of the respiratory system","2012","Female","5","14.7","10.7","19.7","45",NA
"Diseases of the respiratory system","2013","Female","1","59.6","49.6","69.599999999999994","138",NA
"Diseases of the respiratory system","2013","Female","2","34.700000000000003","28","42.4","94",NA
"Diseases of the respiratory system","2013","Female","3","29.4","23.6","36.200000000000003","89",NA
"Diseases of the respiratory system","2013","Female","4","24.4","19.100000000000001","30.6","75",NA
"Diseases of the respiratory system","2013","Female","5","13.1","9.4","17.8","42",NA
"Diseases of the respiratory system","2014","Female","1","56.1","46.5","65.7","131",NA
"Diseases of the respiratory system","2014","Female","2","29.3","23.3","36.5","80",NA
"Diseases of the respiratory system","2014","Female","3","25.1","19.7","31.4","76",NA
"Diseases of the respiratory system","2014","Female","4","16.8","12.6","22","54",NA
"Diseases of the respiratory system","2014","Female","5","15.1","11.1","20","48",NA
"Diseases of the respiratory system","2015","Female","1","76.8","65.599999999999994","88.1","181",NA
"Diseases of the respiratory system","2015","Female","2","46","38","54","127",NA
"Diseases of the respiratory system","2015","Female","3","29.2","23.5","35.9","92",NA
"Diseases of the respiratory system","2015","Female","4","20.8","16.2","26.4","68",NA
"Diseases of the respiratory system","2015","Female","5","18.899999999999999","14.4","24.3","61",NA
"Diseases of the respiratory system","2016","Female","1","71.900000000000006","61.1","82.7","172",NA
"Diseases of the respiratory system","2016","Female","2","45.7","37.799999999999997","53.7","128",NA
"Diseases of the respiratory system","2016","Female","3","30.7","24.9","37.5","97",NA
"Diseases of the respiratory system","2016","Female","4","22.1","17.3","27.7","74",NA
"Diseases of the respiratory system","2016","Female","5","17.100000000000001","13","22.2","57",NA
"Diseases of the respiratory system","2017","Female","1","74","63.1","84.8","179",NA
"Diseases of the respiratory system","2017","Female","2","43.2","35.6","50.8","124",NA
"Diseases of the respiratory system","2017","Female","3","29.2","23.6","35.700000000000003","95",NA
"Diseases of the respiratory system","2017","Female","4","20.6","16.100000000000001","26","71",NA
"Diseases of the respiratory system","2017","Female","5","13.9","10.199999999999999","18.5","47",NA
"Diseases of the respiratory system","2018","Female","1","75.2","64.3","86.1","184",NA
"Diseases of the respiratory system","2018","Female","2","49.7","41.6","57.8","146",NA
"Diseases of the respiratory system","2018","Female","3","35.700000000000003","29.2","42.2","116",NA
"Diseases of the respiratory system","2018","Female","4","25.3","20.2","31.2","88",NA
"Diseases of the respiratory system","2018","Female","5","17.2","13.1","22.2","59",NA
"Diseases of the respiratory system","2019","Female","1","70.099999999999994","59.7","80.599999999999994","173",NA
"Diseases of the respiratory system","2019","Female","2","46.4","38.6","54.2","137",NA
"Diseases of the respiratory system","2019","Female","3","31","24.9","37.1","101",NA
"Diseases of the respiratory system","2019","Female","4","21","16.5","26.4","74",NA
"Diseases of the respiratory system","2019","Female","5","16.8","12.7","21.7","59",NA
"Diseases of the respiratory system","2020","Female","1","62.6","52.8","72.400000000000006","157",NA
"Diseases of the respiratory system","2020","Female","2","41.5","34.1","48.9","122",NA
"Diseases of the respiratory system","2020","Female","3","28","22.6","34.4","93",NA
"Diseases of the respiratory system","2020","Female","4","16","12.1","20.7","57",NA
"Diseases of the respiratory system","2020","Female","5","11.9","8.6","16.2","42",NA
